((244562000,2428167,2428261),4.813096523284912,52.414146423339844,0.0,2016-03-02 21:22:25.095)
((244190000,2428201,2428231),4.87921667098999,52.40739822387695,0.0,2016-03-02 15:10:06.419)
((244820404,2428129,2428179),4.745269775390625,52.42008590698242,0.0,2016-03-02 07:40:17.746)
((566255000,2428212,2428259),4.846376895904541,52.40927505493164,0.0,2016-03-02 18:12:05.113)
((354780000,2428172,2428179),4.745850086212158,52.421417236328125,0.10000000149011612,2016-03-02 08:00:50.487)
((311000343,2428208,2428212),4.706194877624512,52.43889236450195,10.800000190734863,2016-03-02 14:00:03.797)
((244562000,2428167,2428261),4.813106536865234,52.414127349853516,0.0,2016-03-02 18:10:24.570)
((246329000,2428161,2428166),4.76708984375,52.427913665771484,6.800000190734863,2016-03-02 06:00:07.051)
((244562000,2428167,2428261),4.813131809234619,52.414127349853516,0.0,2016-03-02 15:52:24.493)
((246310000,2428223,2428227),4.770883560180664,52.427734375,9.300000190734863,2016-03-02 16:10:12.097)
((246152000,2428190,2428199),4.7492265701293945,52.414878845214844,0.0,2016-03-02 11:20:24.855)
((311913000,2428156,2428229),4.865224838256836,52.40028381347656,0.10000000149011612,2016-03-02 11:10:17.456)
((566255000,2428212,2428259),4.846388339996338,52.4093017578125,0.0,2016-03-02 18:00:05.723)
((311913000,2428156,2428229),4.865121841430664,52.400028228759766,0.10000000149011612,2016-03-02 11:52:14.621)
((244562000,2428167,2428261),4.813103199005127,52.414154052734375,0.0,2016-03-02 14:55:24.712)
((244562000,2428167,2428261),4.813148498535156,52.41410827636719,0.0,2016-03-02 16:34:24.144)
((244190000,2428201,2428231),4.879233360290527,52.40739822387695,0.0,2016-03-02 14:30:07.077)
((311913000,2428156,2428229),4.8650431632995605,52.400054931640625,0.10000000149011612,2016-03-02 13:52:15.055)
((244562000,2428167,2428261),4.813148498535156,52.414093017578125,0.0,2016-03-02 19:13:24.561)
((246329000,2428161,2428166),4.713508129119873,52.43675994873047,7.099999904632568,2016-03-02 06:20:06.894)
((244562000,2428167,2428261),4.813119888305664,52.414161682128906,0.0,2016-03-02 13:52:25.294)
((244190000,2428201,2428231),4.880016803741455,52.40340042114258,1.100000023841858,2016-03-02 17:00:07.585)
((244820145,2428156,2428179),4.744379997253418,52.42378234863281,0.0,2016-03-02 06:00:08.054)
((244562000,2428167,2428261),4.813136577606201,52.41414260864258,0.0,2016-03-02 21:31:24.080)
((566255000,2428212,2428259),4.846364974975586,52.40926742553711,0.0,2016-03-02 14:12:04.324)
((246310000,2428187,2428199),4.820516586303711,52.421451568603516,7.800000190734863,2016-03-02 10:00:06.711)
((244562000,2428167,2428261),4.813115119934082,52.414119720458984,0.0,2016-03-02 07:40:25.000)
((311000343,2428208,2428212),4.797416687011719,52.42350769042969,10.300000190734863,2016-03-02 13:40:15.265)
((244820145,2428156,2428179),4.744379997253418,52.42379379272461,0.0,2016-03-02 04:50:04.295)
((354780000,2428172,2428179),4.745883464813232,52.421417236328125,0.0,2016-03-02 07:21:57.372)
((311913000,2428156,2428229),4.8652849197387695,52.40000534057617,0.10000000149011612,2016-03-02 08:22:14.040)
((244820404,2428129,2428179),4.750241756439209,52.4158821105957,0.10000000149011612,2016-03-02 03:20:02.159)
((246310000,2428223,2428227),4.731683254241943,52.433101654052734,9.199999809265137,2016-03-02 16:20:05.613)
((271002144,2428200,2428204),4.786953449249268,52.42571258544922,8.600000381469727,2016-03-02 12:20:07.500)
((244562000,2428167,2428261),4.813116550445557,52.41427230834961,0.0,2016-03-02 20:25:24.810)
((311913000,2428156,2428229),4.868633270263672,52.40059280395508,3.200000047683716,2016-03-02 16:01:15.857)
((566255000,2428212,2428259),4.770740032196045,52.407745361328125,0.0,2016-03-02 18:51:04.316)
((311913000,2428156,2428229),4.865403175354004,52.39992141723633,0.10000000149011612,2016-03-02 11:40:14.876)
((244820145,2428156,2428179),4.737916469573975,52.4317626953125,4.900000095367432,2016-03-02 08:20:04.813)
((244562000,2428167,2428261),4.813128471374512,52.41413116455078,0.0,2016-03-02 14:13:25.400)
((244820145,2428156,2428179),4.744321823120117,52.423988342285156,0.0,2016-03-02 07:40:04.699)
((244562000,2428167,2428261),4.813133239746094,52.414127349853516,0.0,2016-03-02 12:31:25.597)
((246329000,2428161,2428166),4.8613481521606445,52.415218353271484,7.699999809265137,2016-03-02 05:30:05.016)
((311000343,2428208,2428212),4.7510881423950195,52.42967224121094,10.600000381469727,2016-03-02 13:50:01.211)
((244562000,2428167,2428261),4.813143253326416,52.41413879394531,0.0,2016-03-02 11:40:25.786)
((244562000,2428167,2428261),4.813151836395264,52.414085388183594,0.0,2016-03-02 10:10:24.159)
((246310000,2428187,2428199),4.750850200653076,52.42866516113281,7.800000190734863,2016-03-02 10:20:03.929)
((244562000,2428167,2428261),4.813125133514404,52.41412353515625,0.0,2016-03-02 09:40:23.959)
((244820145,2428156,2428179),4.7465949058532715,52.42369842529297,3.4000000953674316,2016-03-02 08:10:20.974)
((246152000,2428190,2428199),4.731006622314453,52.4328727722168,9.5,2016-03-02 11:40:04.036)
((311913000,2428156,2428229),4.86508846282959,52.40003967285156,0.10000000149011612,2016-03-02 13:01:14.731)
((244820145,2428156,2428179),4.744343280792236,52.42378616333008,0.0,2016-03-02 05:40:09.213)
((244562000,2428167,2428261),4.813145160675049,52.41413879394531,0.0,2016-03-02 12:01:25.535)
((244820404,2428129,2428179),4.74526309967041,52.42008590698242,0.0,2016-03-02 07:30:17.574)
((311913000,2428156,2428229),4.865086555480957,52.40016174316406,0.10000000149011612,2016-03-02 12:04:15.862)
((244820145,2428156,2428179),4.744386672973633,52.42379379272461,0.0,2016-03-02 06:40:08.091)
((354780000,2428172,2428179),4.746316432952881,52.424015045166016,3.0,2016-03-02 08:10:20.526)
((566255000,2428212,2428259),4.8463897705078125,52.409278869628906,0.10000000149011612,2016-03-02 17:42:05.132)
((311913000,2428156,2428229),4.864983558654785,52.400054931640625,0.10000000149011612,2016-03-02 11:01:15.098)
((219430000,2428225,2428264),4.773421764373779,52.404518127441406,0.0,2016-03-02 21:52:14.730)
((246310000,2428187,2428199),4.7520833015441895,52.41144943237305,3.0999999046325684,2016-03-02 10:30:04.025)
((244820404,2428129,2428179),4.748903274536133,52.42878723144531,6.5,2016-03-02 02:20:01.742)
((311913000,2428156,2428229),4.865023136138916,52.399993896484375,0.0,2016-03-02 15:01:19.027)
((244562000,2428167,2428261),4.813155174255371,52.41410446166992,0.0,2016-03-02 10:01:25.582)
((566255000,2428212,2428259),4.846370220184326,52.40925216674805,0.0,2016-03-02 20:51:04.552)
((244820404,2428129,2428179),4.745438098907471,52.420074462890625,0.800000011920929,2016-03-02 07:50:07.987)
((566255000,2428212,2428259),4.8463616371154785,52.409278869628906,0.0,2016-03-02 16:30:05.375)
((244562000,2428167,2428261),4.717164993286133,52.43532180786133,9.699999809265137,2016-03-02 22:10:08.773)
((311913000,2428156,2428229),4.865039825439453,52.400001525878906,0.0,2016-03-02 13:22:16.435)
((244190000,2428201,2428231),4.877749919891357,52.407798767089844,0.30000001192092896,2016-03-02 16:20:06.191)
((566255000,2428212,2428259),4.846368312835693,52.409263610839844,0.0,2016-03-02 18:42:04.631)
((566255000,2428212,2428259),4.846423149108887,52.4092903137207,0.0,2016-03-02 15:45:05.335)
((311913000,2428156,2428229),4.86508321762085,52.400062561035156,0.0,2016-03-02 06:31:12.918)
((246310000,2428223,2428227),4.813466548919678,52.42245101928711,9.300000190734863,2016-03-02 16:00:05.693)
((244562000,2428167,2428261),4.8131866455078125,52.414302825927734,0.0,2016-03-02 20:10:25.097)
((219430000,2428225,2428264),4.773425102233887,52.40449905395508,0.0,2016-03-02 20:31:13.957)
((244190000,2428201,2428231),4.879183292388916,52.40739822387695,0.0,2016-03-02 14:10:06.287)
((244820404,2428129,2428179),4.745286464691162,52.420066833496094,0.0,2016-03-02 04:40:05.011)
((244820404,2428129,2428179),4.745271682739258,52.420074462890625,0.0,2016-03-02 04:50:03.103)
((244820404,2428129,2428179),4.745248317718506,52.420074462890625,0.0,2016-03-02 07:10:07.265)
((566255000,2428212,2428259),4.846348285675049,52.40934753417969,0.10000000149011612,2016-03-02 20:12:04.331)
((246152000,2428190,2428199),4.69890832901001,52.44339370727539,9.399999618530273,2016-03-02 11:50:16.612)
((311913000,2428156,2428229),4.865288257598877,52.39993667602539,0.10000000149011612,2016-03-02 08:31:18.624)
((246310000,2428187,2428199),4.768050193786621,52.425132751464844,8.899999618530273,2016-03-02 10:50:07.550)
((246152000,2428190,2428199),4.730746746063232,52.432151794433594,6.199999809265137,2016-03-02 10:20:11.396)
((566255000,2428212,2428259),4.846363544464111,52.40926742553711,0.0,2016-03-02 14:42:04.337)
((311000343,2428154,2428159),4.888014793395996,52.397823333740234,6.099999904632568,2016-03-02 05:10:08.676)
((246310000,2428223,2428227),4.852166652679443,52.41746520996094,8.199999809265137,2016-03-02 15:50:07.320)
((311913000,2428156,2428229),4.872178554534912,52.4033203125,5.5,2016-03-02 05:10:07.423)
((311000343,2428154,2428159),4.801909923553467,52.422828674316406,7.5,2016-03-02 04:40:04.294)
((244820404,2428129,2428179),4.814086437225342,52.414825439453125,2.5,2016-03-02 01:10:09.026)
((244562000,2428167,2428261),4.813108444213867,52.41413497924805,0.0,2016-03-02 18:21:28.803)
((311913000,2428156,2428229),4.865076541900635,52.400028228759766,0.0,2016-03-02 14:52:14.874)
((244820145,2428156,2428179),4.744368553161621,52.42380905151367,0.0,2016-03-02 05:20:09.293)
((219430000,2428225,2428264),4.7734599113464355,52.404518127441406,0.0,2016-03-02 17:31:12.036)
((246310000,2428187,2428199),4.775766849517822,52.40468215942383,7.599999904632568,2016-03-02 11:00:06.781)
((311913000,2428156,2428229),4.865456581115723,52.39997863769531,0.10000000149011612,2016-03-02 11:22:14.814)
((244190000,2428201,2428231),4.809033393859863,52.421531677246094,8.899999618530273,2016-03-02 12:20:02.665)
((244190000,2428201,2428231),4.879149913787842,52.40738296508789,0.0,2016-03-02 15:30:26.733)
((244820145,2428156,2428179),4.7461748123168945,52.4212532043457,0.20000000298023224,2016-03-02 08:00:11.181)
((244820404,2428129,2428179),4.750929832458496,52.414947509765625,0.0,2016-03-02 02:50:01.172)
((244820404,2428129,2428179),4.745259761810303,52.420074462890625,0.0,2016-03-02 06:10:18.624)
((244820404,2428129,2428179),4.745253562927246,52.42007827758789,0.0,2016-03-02 07:20:08.816)
((244870016,2428234,2428244),4.815993309020996,52.409088134765625,0.10000000149011612,2016-03-02 18:20:26.257)
((219430000,2428225,2428264),4.7733917236328125,52.404518127441406,0.0,2016-03-02 19:22:11.701)
((566255000,2428212,2428259),4.846348285675049,52.409278869628906,0.10000000149011612,2016-03-02 20:33:04.341)
((311913000,2428156,2428229),4.865119934082031,52.399993896484375,0.10000000149011612,2016-03-02 12:10:14.424)
((246310000,2428240,2428245),4.847083568572998,52.41749954223633,8.199999809265137,2016-03-02 19:10:01.053)
((219430000,2428225,2428264),4.773436546325684,52.4045295715332,0.0,2016-03-02 21:01:12.623)
((311913000,2428156,2428229),4.865008354187012,52.400054931640625,0.0,2016-03-02 06:10:15.469)
((311913000,2428156,2428229),4.865053176879883,52.40006637573242,0.0,2016-03-02 06:22:15.878)
((311913000,2428156,2428229),4.8651018142700195,52.40003967285156,0.0,2016-03-02 12:22:16.623)
((244820404,2428129,2428179),4.750938415527344,52.414981842041016,0.0,2016-03-02 02:40:32.197)
((244820404,2428129,2428179),4.750568389892578,52.41562271118164,0.10000000149011612,2016-03-02 03:10:12.461)
((244820404,2428129,2428179),4.819023132324219,52.4091796875,0.10000000149011612,2016-03-02 01:40:06.952)
((566255000,2428212,2428259),4.846373558044434,52.40927505493164,0.0,2016-03-02 14:21:04.345)
((354780000,2428172,2428179),4.715466499328613,52.43561553955078,5.699999809265137,2016-03-02 08:30:00.067)
((219430000,2428225,2428264),4.773438453674316,52.40450668334961,0.0,2016-03-02 20:22:13.402)
((244190000,2428201,2428231),4.873266696929932,52.40318298339844,0.20000000298023224,2016-03-02 13:10:05.292)
((354780000,2428172,2428179),4.745816707611084,52.421417236328125,0.0,2016-03-02 07:30:57.345)
((246310000,2428187,2428199),4.855383396148682,52.417118072509766,7.599999904632568,2016-03-02 09:50:00.590)
((244562000,2428167,2428261),4.805173397064209,52.42284393310547,9.800000190734863,2016-03-02 21:50:12.970)
((244562000,2428167,2428261),4.813125133514404,52.414100646972656,0.0,2016-03-02 07:20:20.435)
((244562000,2428167,2428261),4.813139915466309,52.41410827636719,0.0,2016-03-02 16:55:26.621)
((566255000,2428212,2428259),4.846354961395264,52.409278869628906,0.0,2016-03-02 16:21:04.350)
((566255000,2428212,2428259),4.846358299255371,52.40928268432617,0.0,2016-03-02 16:12:04.760)
((566255000,2428212,2428259),4.846380233764648,52.40926742553711,0.0,2016-03-02 15:30:05.213)
((566255000,2428212,2428259),4.780636787414551,52.42603302001953,8.899999618530273,2016-03-02 21:30:13.652)
((244190000,2428201,2428231),4.87921667098999,52.40741729736328,0.0,2016-03-02 14:40:15.693)
((244190000,2428201,2428231),4.879199981689453,52.40738296508789,0.0,2016-03-02 14:00:06.992)
((244820404,2428129,2428179),4.745265007019043,52.42007827758789,0.0,2016-03-02 06:20:07.134)
((244820145,2428156,2428179),4.744408130645752,52.42380142211914,0.0,2016-03-02 07:00:19.046)
((246310000,2428187,2428199),4.7741498947143555,52.4239501953125,9.100000381469727,2016-03-02 11:20:14.220)
((311913000,2428156,2428229),4.865063190460205,52.39997863769531,0.10000000149011612,2016-03-02 13:10:15.028)
((354780000,2428172,2428179),4.735899925231934,52.4317512512207,4.599999904632568,2016-03-02 08:20:12.060)
((311913000,2428156,2428229),4.865103244781494,52.40003967285156,0.10000000149011612,2016-03-02 12:31:15.061)
((311913000,2428156,2428229),4.8650617599487305,52.4000244140625,0.10000000149011612,2016-03-02 05:30:04.139)
((244562000,2428167,2428261),4.813129901885986,52.414127349853516,0.0,2016-03-02 13:10:25.335)
((219430000,2428225,2428264),4.773441791534424,52.40454864501953,0.0,2016-03-02 20:10:13.637)
((311913000,2428156,2428229),4.810431480407715,52.42180252075195,9.699999809265137,2016-03-02 04:50:07.601)
((246329000,2428161,2428166),4.827306747436523,52.4201545715332,7.5,2016-03-02 05:40:00.653)
((244190000,2428201,2428231),4.873133182525635,52.40301513671875,0.30000001192092896,2016-03-02 13:30:24.490)
((311913000,2428156,2428229),4.833103179931641,52.41899490356445,10.0,2016-03-02 16:20:04.410)
((311913000,2428156,2428229),4.865433216094971,52.39988708496094,0.10000000149011612,2016-03-02 11:31:15.028)
((244562000,2428167,2428261),4.813113212585449,52.41416549682617,0.0,2016-03-02 13:40:24.835)
((244562000,2428167,2428261),4.813198566436768,52.41508483886719,0.8999999761581421,2016-03-02 21:40:25.497)
((244820404,2428129,2428179),4.74527645111084,52.420074462890625,0.0,2016-03-02 05:40:08.671)
((244870016,2428234,2428244),4.813256740570068,52.41965866088867,2.5,2016-03-02 18:40:07.530)
((219430000,2428225,2428264),4.773495197296143,52.40449523925781,0.0,2016-03-02 17:01:12.756)
((311913000,2428156,2428229),4.8651814460754395,52.399993896484375,0.10000000149011612,2016-03-02 10:22:14.836)
((244562000,2428167,2428261),4.813143253326416,52.41410827636719,0.0,2016-03-02 09:30:20.819)
((244562000,2428167,2428261),4.8131184577941895,52.41413497924805,0.0,2016-03-02 11:01:25.915)
((566255000,2428212,2428259),4.846381664276123,52.40927505493164,0.0,2016-03-02 19:00:05.998)
((244562000,2428167,2428261),4.813206672668457,52.41415023803711,0.10000000149011612,2016-03-02 14:01:25.398)
((219430000,2428225,2428264),4.773433208465576,52.404518127441406,0.0,2016-03-02 21:31:12.570)
((219430000,2428225,2428264),4.773416519165039,52.40449905395508,0.0,2016-03-02 18:52:11.905)
((244190000,2428201,2428231),4.877150058746338,52.40701675415039,1.7000000476837158,2016-03-02 16:50:17.404)
((311913000,2428156,2428229),4.8651814460754395,52.39999008178711,0.10000000149011612,2016-03-02 10:10:13.639)
((244562000,2428167,2428261),4.761831760406494,52.42851257324219,9.800000190734863,2016-03-02 22:00:00.004)
((311913000,2428156,2428229),4.8653082847595215,52.40009307861328,0.10000000149011612,2016-03-02 08:40:13.106)
((246152000,2428190,2428199),4.746300220489502,52.425086975097656,2.799999952316284,2016-03-02 10:40:10.758)
((311913000,2428156,2428229),4.865251541137695,52.400047302246094,0.10000000149011612,2016-03-02 08:10:18.242)
((244562000,2428167,2428261),4.813113212585449,52.41410446166992,0.0,2016-03-02 09:01:23.985)
((311913000,2428156,2428229),4.8653483390808105,52.399940490722656,0.5,2016-03-02 05:20:07.085)
((244820145,2428156,2428179),4.745858192443848,52.42238235473633,0.800000011920929,2016-03-02 07:50:04.411)
((244562000,2428167,2428261),4.813146591186523,52.41413497924805,0.0,2016-03-02 20:40:24.340)
((244820404,2428129,2428179),4.750288486480713,52.41588592529297,0.0,2016-03-02 03:30:02.493)
((244820145,2428156,2428179),4.744366645812988,52.42381286621094,0.0,2016-03-02 05:10:09.076)
((244820404,2428129,2428179),4.750248432159424,52.415889739990234,0.0,2016-03-02 03:40:01.039)
((244190000,2428201,2428231),4.877900123596191,52.407901763916016,0.20000000298023224,2016-03-02 16:40:07.151)
((244820145,2428156,2428179),4.742088317871094,52.430328369140625,10.199999809265137,2016-03-02 04:40:07.571)
((311913000,2428156,2428229),4.856393337249756,52.415626525878906,8.800000190734863,2016-03-02 05:00:05.691)
((566255000,2428212,2428259),4.846344947814941,52.40928649902344,0.0,2016-03-02 19:12:04.351)
((244562000,2428167,2428261),4.813128471374512,52.414119720458984,0.0,2016-03-02 18:30:28.805)
((219430000,2428225,2428264),4.773468494415283,52.40448760986328,0.0,2016-03-02 16:22:11.531)
((311913000,2428156,2428229),4.865206718444824,52.39997863769531,0.10000000149011612,2016-03-02 10:01:17.217)
((566255000,2428212,2428259),4.8463568687438965,52.4093017578125,0.0,2016-03-02 16:51:04.500)
((311913000,2428156,2428229),4.865031719207764,52.4000358581543,0.10000000149011612,2016-03-02 15:31:14.870)
((566255000,2428212,2428259),4.742849826812744,52.43095397949219,8.5,2016-03-02 21:40:05.494)
((244562000,2428167,2428261),4.813121795654297,52.414127349853516,0.0,2016-03-02 15:43:24.890)
((244562000,2428167,2428261),4.813139915466309,52.41411209106445,0.0,2016-03-02 12:22:25.750)
((246329000,2428161,2428166),4.738333225250244,52.431941986083984,6.199999809265137,2016-03-02 06:10:00.627)
((311913000,2428156,2428229),4.865085124969482,52.400001525878906,0.0,2016-03-02 13:31:14.679)
((219430000,2428225,2428264),4.773436546325684,52.404518127441406,0.0,2016-03-02 21:22:11.625)
((566255000,2428212,2428259),4.842846870422363,52.4146728515625,3.200000047683716,2016-03-02 21:10:14.357)
((244562000,2428167,2428261),4.813198566436768,52.414100646972656,0.0,2016-03-02 16:04:25.184)
((244562000,2428167,2428261),4.81320333480835,52.41413879394531,0.0,2016-03-02 20:52:24.197)
((244562000,2428167,2428261),4.813133239746094,52.41412353515625,0.0,2016-03-02 17:10:25.990)
((244562000,2428167,2428261),4.813159942626953,52.41413879394531,0.0,2016-03-02 16:22:24.268)
((311913000,2428156,2428229),4.865115165710449,52.400047302246094,0.0,2016-03-02 12:52:14.723)
((219430000,2428225,2428264),4.7734599113464355,52.40446853637695,0.0,2016-03-02 16:34:13.264)
((311913000,2428156,2428229),4.865073204040527,52.40003967285156,0.0,2016-03-02 05:40:12.418)
((244562000,2428167,2428261),4.813161849975586,52.41413497924805,0.0,2016-03-02 16:10:25.573)
((219430000,2428225,2428264),4.773541450500488,52.404518127441406,0.5,2016-03-02 22:10:13.191)
((311913000,2428156,2428229),4.865351676940918,52.399940490722656,0.10000000149011612,2016-03-02 08:52:15.075)
((244562000,2428167,2428261),4.813119888305664,52.41410827636719,0.0,2016-03-02 08:10:24.430)
((244562000,2428167,2428261),4.813076496124268,52.41434097290039,0.4000000059604645,2016-03-02 07:00:08.516)
((219430000,2428225,2428264),4.773443222045898,52.40449523925781,0.0,2016-03-02 20:40:12.651)
((244562000,2428167,2428261),4.8131232261657715,52.41413497924805,0.0,2016-03-02 11:52:21.348)
((566255000,2428212,2428259),4.846370220184326,52.40926742553711,0.0,2016-03-02 17:00:04.331)
((311000343,2428154,2428159),4.835516452789307,52.41864776611328,7.5,2016-03-02 04:50:06.030)
((244870016,2428234,2428244),4.809473514556885,52.42091369628906,8.5,2016-03-02 17:50:02.250)
((271002144,2428200,2428204),4.744110107421875,52.430999755859375,8.899999618530273,2016-03-02 12:30:06.647)
((244820404,2428129,2428179),4.7656450271606445,52.42573547363281,0.0,2016-03-02 00:30:01.903)
((311913000,2428156,2428229),4.865053176879883,52.40005874633789,0.0,2016-03-02 07:01:16.438)
((311913000,2428156,2428229),4.872729778289795,52.40834426879883,7.699999809265137,2016-03-02 16:10:15.352)
((219430000,2428225,2428264),4.773435115814209,52.40449523925781,0.0,2016-03-02 16:40:12.775)
((244562000,2428167,2428261),4.813113212585449,52.41413497924805,0.0,2016-03-02 15:01:25.578)
((311913000,2428156,2428229),4.864948272705078,52.400054931640625,0.0,2016-03-02 15:52:17.678)
((244190000,2428201,2428231),4.87921667098999,52.40741729736328,0.0,2016-03-02 15:00:17.436)
((311913000,2428156,2428229),4.766324996948242,52.427608489990234,10.199999809265137,2016-03-02 04:40:01.556)
((246310000,2428187,2428199),4.749616622924805,52.417964935302734,7.5,2016-03-02 10:40:21.087)
((244562000,2428167,2428261),4.813115119934082,52.414180755615234,0.0,2016-03-02 21:01:24.517)
((246152000,2428190,2428199),4.748796463012695,52.4299430847168,2.5,2016-03-02 10:30:05.448)
((311913000,2428156,2428229),4.865103244781494,52.4000129699707,0.10000000149011612,2016-03-02 10:52:15.851)
((311913000,2428156,2428229),4.8650383949279785,52.40009689331055,0.0,2016-03-02 06:40:18.295)
((244820404,2428129,2428179),4.7459516525268555,52.42571258544922,2.700000047683716,2016-03-02 08:10:08.867)
((246310000,2428223,2428227),4.694216728210449,52.44578170776367,9.300000190734863,2016-03-02 16:30:02.244)
((244820145,2428156,2428179),4.744413375854492,52.42379379272461,0.0,2016-03-02 07:20:09.574)
((244562000,2428167,2428261),4.813116550445557,52.414119720458984,0.0,2016-03-02 08:22:25.292)
((244190000,2428201,2428231),4.871616840362549,52.402099609375,1.2000000476837158,2016-03-02 13:00:11.338)
((244870016,2428234,2428244),4.8158650398254395,52.40916061401367,0.10000000149011612,2016-03-02 18:00:06.143)
((311913000,2428156,2428229),4.865278244018555,52.39995193481445,0.10000000149011612,2016-03-02 09:40:15.672)
((244562000,2428167,2428261),4.813156604766846,52.41421890258789,0.0,2016-03-02 17:32:28.545)
((244820145,2428156,2428179),4.744351863861084,52.42380142211914,0.0,2016-03-02 05:30:08.570)
((244562000,2428167,2428261),4.813135147094727,52.414127349853516,0.0,2016-03-02 15:10:24.424)
((566255000,2428212,2428259),4.846395015716553,52.4093017578125,0.0,2016-03-02 14:51:04.847)
((311000343,2428154,2428159),4.768233299255371,52.42715835571289,7.5,2016-03-02 04:30:10.105)
((244562000,2428167,2428261),4.813121795654297,52.41411209106445,0.0,2016-03-02 17:42:28.743)
((244820145,2428156,2428179),4.716956615447998,52.43549346923828,5.699999809265137,2016-03-02 08:30:01.336)
((566255000,2428212,2428259),4.846380233764648,52.40928649902344,0.0,2016-03-02 17:21:04.357)
((244562000,2428167,2428261),4.813093185424805,52.41410827636719,0.0,2016-03-02 07:11:04.139)
((244562000,2428167,2428261),4.813116550445557,52.41416549682617,0.0,2016-03-02 13:31:25.550)
((311913000,2428156,2428229),4.865296840667725,52.399959564208984,0.10000000149011612,2016-03-02 09:22:16.893)
((244870016,2428234,2428244),4.752864837646484,52.4294548034668,6.599999904632568,2016-03-02 19:10:00.626)
((219430000,2428225,2428264),4.773401737213135,52.404510498046875,0.0,2016-03-02 21:10:12.516)
((219430000,2428225,2428264),4.773428440093994,52.40449523925781,0.0,2016-03-02 17:10:11.062)
((244190000,2428201,2428231),4.879233360290527,52.4073486328125,0.0,2016-03-02 13:50:36.777)
((244562000,2428167,2428261),4.813055038452148,52.41416549682617,0.0,2016-03-02 08:31:25.466)
((244562000,2428167,2428261),4.813139915466309,52.41402053833008,0.0,2016-03-02 10:31:24.569)
((244562000,2428167,2428261),4.813113212585449,52.41415023803711,0.0,2016-03-02 15:22:30.313)
((246310000,2428187,2428199),4.779900074005127,52.40283203125,5.900000095367432,2016-03-02 11:10:00.330)
((311000343,2428208,2428212),4.841866493225098,52.417667388916016,9.399999618530273,2016-03-02 13:30:07.236)
((311913000,2428156,2428229),4.865363121032715,52.39992904663086,0.20000000298023224,2016-03-02 07:31:12.865)
((244820404,2428129,2428179),4.74527645111084,52.42007827758789,0.0,2016-03-02 06:50:08.048)
((244562000,2428167,2428261),4.813151836395264,52.41411209106445,0.0,2016-03-02 12:43:25.340)
((566255000,2428212,2428259),4.846364974975586,52.409278869628906,0.0,2016-03-02 18:30:04.322)
((566255000,2428212,2428259),4.84639835357666,52.40927505493164,0.10000000149011612,2016-03-02 17:12:04.323)
((246310000,2428187,2428199),4.819349765777588,52.4208984375,9.800000190734863,2016-03-02 11:30:05.929)
((311000343,2428154,2428159),4.867403507232666,52.41197204589844,7.400000095367432,2016-03-02 05:00:10.409)
((244562000,2428167,2428261),4.813153266906738,52.41411209106445,0.0,2016-03-02 17:22:24.279)
((246152000,2428190,2428199),4.748943328857422,52.41518783569336,0.4000000059604645,2016-03-02 11:00:43.688)
((244562000,2428167,2428261),4.813135147094727,52.41411209106445,0.0,2016-03-02 18:55:24.571)
((244820404,2428129,2428179),4.817598342895508,52.410152435302734,1.399999976158142,2016-03-02 01:20:01.122)
((244190000,2428201,2428231),4.879183292388916,52.40738296508789,0.0,2016-03-02 15:50:07.426)
((311913000,2428156,2428229),4.865363121032715,52.39995193481445,0.10000000149011612,2016-03-02 09:10:15.872)
((244562000,2428167,2428261),4.813108444213867,52.41410827636719,0.0,2016-03-02 10:43:25.776)
((244562000,2428167,2428261),4.813171863555908,52.414085388183594,0.0,2016-03-02 14:22:24.018)
((219430000,2428225,2428264),4.77346658706665,52.40451431274414,0.0,2016-03-02 17:52:11.125)
((219430000,2428225,2428264),4.773413181304932,52.40449905395508,0.0,2016-03-02 20:01:14.792)
((244870016,2428234,2428244),4.780716896057129,52.42603302001953,6.5,2016-03-02 19:00:12.357)
((244562000,2428167,2428261),4.813149929046631,52.41409683227539,0.0,2016-03-02 10:22:24.375)
((244820404,2428129,2428179),4.745283126831055,52.420074462890625,0.0,2016-03-02 05:10:38.065)
((244562000,2428167,2428261),4.813129901885986,52.414161682128906,0.0,2016-03-02 09:55:25.807)
((244190000,2428201,2428231),4.873950004577637,52.4064826965332,4.800000190734863,2016-03-02 12:50:14.330)
((219430000,2428225,2428264),4.773401737213135,52.40450668334961,0.0,2016-03-02 19:40:12.037)
((311913000,2428156,2428229),4.865345001220703,52.3999137878418,0.10000000149011612,2016-03-02 09:01:14.498)
((246310000,2428187,2428199),4.86323356628418,52.413265228271484,9.899999618530273,2016-03-02 11:40:02.836)
((244562000,2428167,2428261),4.8131585121154785,52.41413879394531,0.0,2016-03-02 13:22:24.521)
((311913000,2428156,2428229),4.864993095397949,52.40010070800781,0.0,2016-03-02 14:22:15.242)
((311913000,2428156,2428229),4.865086555480957,52.40003967285156,0.0,2016-03-02 15:22:21.410)
((246329000,2428161,2428166),4.796088218688965,52.42426300048828,7.199999809265137,2016-03-02 05:50:07.014)
((311913000,2428156,2428229),4.865116596221924,52.40000534057617,0.10000000149011612,2016-03-02 10:40:15.956)
((566255000,2428212,2428259),4.846346855163574,52.40926742553711,0.0,2016-03-02 17:30:05.587)
((219430000,2428225,2428264),4.773448467254639,52.40448760986328,0.0,2016-03-02 17:40:12.836)
((244820404,2428129,2428179),4.74526309967041,52.420074462890625,0.0,2016-03-02 06:40:07.195)
((244562000,2428167,2428261),4.813143253326416,52.4140739440918,0.0,2016-03-02 14:31:25.625)
((244820404,2428129,2428179),4.819045066833496,52.40913391113281,0.0,2016-03-02 01:50:15.417)
((244562000,2428167,2428261),4.813211441040039,52.41411209106445,0.0,2016-03-02 07:31:20.382)
((271002144,2428200,2428204),4.825046539306641,52.42011260986328,9.0,2016-03-02 12:10:02.540)
((244562000,2428167,2428261),4.813103199005127,52.41415023803711,0.0,2016-03-02 21:10:25.148)
((244820145,2428156,2428179),4.744413375854492,52.423973083496094,0.30000001192092896,2016-03-02 07:30:07.665)
((244820404,2428129,2428179),4.808010101318359,52.42147445678711,3.0,2016-03-02 01:00:05.842)
((311913000,2428156,2428229),4.86505651473999,52.40013885498047,0.10000000149011612,2016-03-02 13:40:19.052)
((244820145,2428156,2428179),4.744388103485107,52.42378616333008,0.0,2016-03-02 06:20:07.813)
((244190000,2428201,2428231),4.856433391571045,52.4157829284668,6.199999809265137,2016-03-02 12:40:01.850)
((244562000,2428167,2428261),4.813135147094727,52.41416931152344,0.0,2016-03-02 08:01:24.681)
((246310000,2428240,2428245),4.780300140380859,52.425315856933594,8.100000381469727,2016-03-02 18:50:22.761)
((219430000,2428225,2428264),4.773401737213135,52.40449523925781,0.0,2016-03-02 19:01:14.518)
((244562000,2428167,2428261),4.813119888305664,52.414093017578125,0.0,2016-03-02 18:40:26.220)
((244820404,2428129,2428179),4.733184814453125,52.43246078491211,4.099999904632568,2016-03-02 08:20:03.211)
((219430000,2428225,2428264),4.773453235626221,52.40451431274414,0.0,2016-03-02 21:40:14.678)
((311913000,2428156,2428229),4.865218162536621,52.39995193481445,0.10000000149011612,2016-03-02 09:52:14.859)
((246310000,2428240,2428245),4.7427167892456055,52.43009948730469,8.199999809265137,2016-03-02 18:40:13.051)
((244870016,2428234,2428244),4.815915107727051,52.40913772583008,0.10000000149011612,2016-03-02 18:10:07.024)
((566255000,2428212,2428259),4.706210136413574,52.43849182128906,8.899999618530273,2016-03-02 21:50:01.229)
((244562000,2428167,2428261),4.813113212585449,52.414085388183594,0.0,2016-03-02 09:22:24.215)
((244870016,2428234,2428244),4.76621675491333,52.4275016784668,9.699999809265137,2016-03-02 17:40:10.517)
((219430000,2428225,2428264),4.773438453674316,52.40449523925781,0.0,2016-03-02 18:00:58.651)
((354780000,2428172,2428179),4.745816707611084,52.4213981628418,0.0,2016-03-02 07:43:00.173)
((244190000,2428201,2428231),4.873466491699219,52.40326690673828,0.10000000149011612,2016-03-02 13:20:05.652)
((311000343,2428208,2428212),4.873600006103516,52.40887451171875,7.199999809265137,2016-03-02 13:20:02.462)
((244820145,2428156,2428179),4.744396686553955,52.42380142211914,0.0,2016-03-02 07:10:19.535)
((244562000,2428167,2428261),4.732341766357422,52.43208694458008,10.899999618530273,2016-03-02 06:30:00.240)
((244562000,2428167,2428261),4.81310510635376,52.414085388183594,0.0,2016-03-02 12:52:25.289)
((311913000,2428156,2428229),4.865068435668945,52.40003204345703,0.10000000149011612,2016-03-02 14:31:15.211)
((244870016,2428234,2428244),4.81553840637207,52.411781311035156,2.4000000953674316,2016-03-02 18:30:05.656)
((271002144,2428200,2428204),4.713759899139404,52.43611145019531,9.100000381469727,2016-03-02 12:40:09.367)
((219430000,2428225,2428264),4.722118377685547,52.433658599853516,10.100000381469727,2016-03-02 22:40:03.591)
((244820145,2428156,2428179),4.744388103485107,52.423789978027344,0.0,2016-03-02 05:00:09.402)
((244190000,2428201,2428231),4.882050037384033,52.40418243408203,0.5,2016-03-02 17:10:45.505)
((244820404,2428129,2428179),4.742754936218262,52.43048858642578,3.200000047683716,2016-03-02 04:10:02.967)
((566255000,2428212,2428259),4.846380233764648,52.40928649902344,0.0,2016-03-02 14:30:04.333)
((219430000,2428225,2428264),4.775258541107178,52.41263198852539,5.599999904632568,2016-03-02 22:20:04.736)
((244562000,2428167,2428261),4.813113212585449,52.41413879394531,0.0,2016-03-02 15:31:25.507)
((244820404,2428129,2428179),4.76563835144043,52.42574691772461,0.10000000149011612,2016-03-02 00:20:02.117)
((244562000,2428167,2428261),4.813109874725342,52.41413497924805,0.0,2016-03-02 19:22:24.765)
((244820404,2428129,2428179),4.78380823135376,52.42597198486328,8.0,2016-03-02 02:10:16.359)
((246310000,2428240,2428245),4.816850185394287,52.420249938964844,8.100000381469727,2016-03-02 19:00:23.178)
((219430000,2428225,2428264),4.763780117034912,52.428306579589844,8.800000190734863,2016-03-02 22:30:16.530)
((311913000,2428156,2428229),4.8650898933410645,52.400047302246094,0.0,2016-03-02 14:40:20.431)
((311913000,2428156,2428229),4.8650665283203125,52.400054931640625,0.10000000149011612,2016-03-02 05:52:12.899)
((244820404,2428129,2428179),4.745271682739258,52.420074462890625,0.0,2016-03-02 06:30:07.477)
((566255000,2428212,2428259),4.846370220184326,52.40928649902344,0.10000000149011612,2016-03-02 20:03:04.342)
((244820404,2428129,2428179),4.7454833984375,52.42321014404297,0.20000000298023224,2016-03-02 08:00:07.585)
((311913000,2428156,2428229),4.865096569061279,52.40003967285156,0.10000000149011612,2016-03-02 12:40:16.699)
((244820404,2428129,2428179),4.727321624755859,52.43303298950195,6.0,2016-03-02 08:30:03.853)
((244190000,2428201,2428231),4.879133224487305,52.40738296508789,0.0,2016-03-02 16:10:16.086)
((244820404,2428129,2428179),4.754720211029053,52.42890548706055,7.599999904632568,2016-03-02 00:10:07.098)
((244820404,2428129,2428179),4.745275020599365,52.42007827758789,0.0,2016-03-02 05:30:08.040)
((219430000,2428225,2428264),4.773421764373779,52.40449905395508,0.0,2016-03-02 19:10:12.491)
((244820404,2428129,2428179),4.747448444366455,52.4231071472168,3.0,2016-03-02 04:00:02.913)
((244562000,2428167,2428261),4.813119888305664,52.414100646972656,0.0,2016-03-02 17:01:24.038)
((244820404,2428129,2428179),4.727180004119873,52.433040618896484,4.0,2016-03-02 04:20:05.950)
((311913000,2428156,2428229),4.71001672744751,52.43760299682617,9.300000190734863,2016-03-02 16:50:03.902)
((244870016,2428234,2428244),4.807923316955566,52.421974182128906,4.5,2016-03-02 18:50:02.437)
((246152000,2428190,2428199),4.748040199279785,52.41854476928711,2.299999952316284,2016-03-02 10:50:04.942)
((244820404,2428129,2428179),4.794461727142334,52.42381286621094,3.5,2016-03-02 00:50:09.185)
((244562000,2428167,2428261),4.813145160675049,52.41408920288086,0.0,2016-03-02 13:01:23.392)
((244562000,2428167,2428261),4.8131585121154785,52.414161682128906,0.0,2016-03-02 11:31:24.887)
((271002144,2428200,2428204),4.86909818649292,52.41147232055664,8.699999809265137,2016-03-02 12:00:21.636)
((566255000,2428212,2428259),4.846383571624756,52.40927505493164,0.0,2016-03-02 14:00:05.930)
((244820145,2428156,2428179),4.744359970092773,52.42378616333008,0.0,2016-03-02 05:50:28.491)
((566255000,2428212,2428259),4.846075057983398,52.40925216674805,0.30000001192092896,2016-03-02 21:00:14.438)
((244820404,2428129,2428179),4.813253402709961,52.417083740234375,7.900000095367432,2016-03-02 02:00:06.882)
((566255000,2428212,2428259),4.822265148162842,52.42039108276367,8.5,2016-03-02 21:20:04.435)
((244820404,2428129,2428179),4.745275020599365,52.420074462890625,0.0,2016-03-02 05:20:38.151)
((311913000,2428156,2428229),4.7936835289001465,52.42454528808594,9.899999618530273,2016-03-02 16:30:13.424)
((311913000,2428156,2428229),4.865240097045898,52.40000534057617,0.10000000149011612,2016-03-02 07:52:14.347)
((244562000,2428167,2428261),4.811366558074951,52.418338775634766,3.299999952316284,2016-03-02 06:50:08.523)
((311913000,2428156,2428229),4.865021705627441,52.40007019042969,0.10000000149011612,2016-03-02 15:40:21.479)
((566255000,2428212,2428259),4.846388339996338,52.40926742553711,0.0,2016-03-02 16:42:04.358)
((244820404,2428129,2428179),4.745266437530518,52.42007827758789,0.0,2016-03-02 06:00:17.558)
((244190000,2428201,2428231),4.879183292388916,52.40738296508789,0.0,2016-03-02 15:20:16.482)
((244820404,2428129,2428179),4.750576496124268,52.416866302490234,5.699999809265137,2016-03-02 02:30:07.201)
((219430000,2428225,2428264),4.7733964920043945,52.40450668334961,0.0,2016-03-02 20:52:12.410)
((566255000,2428212,2428259),4.846366882324219,52.40927505493164,0.0,2016-03-02 18:21:04.822)
((244820404,2428129,2428179),4.737616539001465,52.43112564086914,9.100000381469727,2016-03-02 04:30:04.876)
((219430000,2428225,2428264),4.773411750793457,52.40449905395508,0.0,2016-03-02 18:21:28.695)
((566255000,2428212,2428259),4.846354961395264,52.40929412841797,0.0,2016-03-02 20:42:04.332)
((244562000,2428167,2428261),4.813109874725342,52.41407012939453,0.10000000149011612,2016-03-02 19:07:24.796)
((244562000,2428167,2428261),4.813128471374512,52.41417694091797,0.0,2016-03-02 16:40:25.079)
((219430000,2428225,2428264),4.773401737213135,52.40447235107422,0.0,2016-03-02 16:52:13.868)
((244190000,2428201,2428231),4.879133224487305,52.4073486328125,0.0,2016-03-02 16:00:07.025)
((244190000,2428201,2428231),4.879183292388916,52.4073486328125,0.10000000149011612,2016-03-02 13:40:03.790)
((244562000,2428167,2428261),4.813224792480469,52.41411209106445,0.0,2016-03-02 18:00:58.894)
((244562000,2428167,2428261),4.813101768493652,52.414180755615234,0.0,2016-03-02 08:40:25.016)
((244562000,2428167,2428261),4.813146591186523,52.41410446166992,0.0,2016-03-02 19:52:23.959)
((566255000,2428212,2428259),4.84641170501709,52.409263610839844,0.10000000149011612,2016-03-02 15:51:04.370)
((566255000,2428212,2428259),4.846373558044434,52.40928649902344,0.0,2016-03-02 15:03:04.366)
((244190000,2428201,2428231),4.879166603088379,52.40739822387695,0.0,2016-03-02 15:40:25.958)
((219430000,2428225,2428264),4.773399829864502,52.40449905395508,0.0,2016-03-02 18:10:11.850)
((246310000,2428240,2428245),4.895566463470459,52.385650634765625,5.699999809265137,2016-03-02 19:30:24.924)
((244870016,2428234,2428244),4.722300052642822,52.43360137939453,6.599999904632568,2016-03-02 19:20:06.491)
((244820404,2428129,2428179),4.745278358459473,52.420074462890625,0.0,2016-03-02 05:50:07.638)
((311913000,2428156,2428229),4.865176677703857,52.40000534057617,0.20000000298023224,2016-03-02 10:31:14.807)
((219430000,2428225,2428264),4.773399829864502,52.40449523925781,0.0,2016-03-02 19:31:11.427)
((311913000,2428156,2428229),4.865278244018555,52.399993896484375,0.10000000149011612,2016-03-02 07:22:13.746)
((354780000,2428172,2428179),4.745850086212158,52.421348571777344,0.0,2016-03-02 07:51:59.058)
((244562000,2428167,2428261),4.813101768493652,52.41413879394531,0.0,2016-03-02 14:40:25.357)
((244562000,2428167,2428261),4.813109874725342,52.41411209106445,0.0,2016-03-02 09:10:25.052)
((244562000,2428167,2428261),4.8131632804870605,52.414093017578125,0.0,2016-03-02 11:22:24.963)
((244562000,2428167,2428261),4.813128471374512,52.414119720458984,0.0,2016-03-02 10:52:24.318)
((246310000,2428187,2428199),4.889800071716309,52.39540100097656,9.100000381469727,2016-03-02 11:50:00.862)
((219430000,2428225,2428264),4.773383140563965,52.40451431274414,0.0,2016-03-02 22:01:11.511)
((566255000,2428212,2428259),4.8463850021362305,52.4093132019043,0.10000000149011612,2016-03-02 17:51:04.321)
((311000343,2428154,2428159),4.7360615730285645,52.4311637878418,7.0,2016-03-02 04:20:04.161)
((244190000,2428201,2428231),4.879166603088379,52.40739822387695,0.0,2016-03-02 14:20:07.325)
((566255000,2428212,2428259),4.846376895904541,52.40928268432617,0.0,2016-03-02 15:21:04.361)
((311913000,2428156,2428229),4.865059852600098,52.40005874633789,0.10000000149011612,2016-03-02 06:01:12.974)
((244562000,2428167,2428261),4.81308650970459,52.413997650146484,0.0,2016-03-02 20:31:24.332)
((244820404,2428129,2428179),4.745275020599365,52.420082092285156,0.0,2016-03-02 07:00:08.465)
((244190000,2428201,2428231),4.879199981689453,52.40738296508789,0.0,2016-03-02 14:50:16.817)
((311913000,2428156,2428229),4.865019798278809,52.40008544921875,0.0,2016-03-02 06:52:17.596)
((311913000,2428156,2428229),4.865073204040527,52.400020599365234,0.10000000149011612,2016-03-02 14:01:23.423)
((311913000,2428156,2428229),4.865086555480957,52.400081634521484,0.0,2016-03-02 14:10:15.586)
((219430000,2428225,2428264),4.773399829864502,52.40449523925781,0.0,2016-03-02 19:52:14.470)
((244820145,2428156,2428179),4.744386672973633,52.42380905151367,0.0,2016-03-02 06:50:18.358)
((311913000,2428156,2428229),4.865035057067871,52.40004348754883,0.10000000149011612,2016-03-02 07:10:15.132)
((566255000,2428212,2428259),4.846354961395264,52.40926742553711,0.0,2016-03-02 19:24:04.811)
((244190000,2428201,2428231),4.877799987792969,52.40793228149414,0.0,2016-03-02 16:30:27.452)
((244562000,2428167,2428261),4.813156604766846,52.41413879394531,0.0,2016-03-02 20:01:24.337)
((246310000,2428240,2428245),4.8800835609436035,52.40286636352539,8.100000381469727,2016-03-02 19:20:08.643)
((246152000,2428190,2428199),4.7492265701293945,52.41499328613281,0.4000000059604645,2016-03-02 11:30:04.166)
((311913000,2428156,2428229),4.8650898933410645,52.400047302246094,0.0,2016-03-02 15:10:20.730)
((244190000,2428201,2428231),4.832733154296875,52.418617248535156,5.599999904632568,2016-03-02 12:30:08.639)
((566255000,2428212,2428259),4.846373558044434,52.40927505493164,0.0,2016-03-02 15:12:04.532)
((566255000,2428212,2428259),4.846408367156982,52.40918731689453,0.10000000149011612,2016-03-02 19:42:04.478)
((244562000,2428167,2428261),4.813151836395264,52.41412353515625,0.0,2016-03-02 08:55:25.213)
((244562000,2428167,2428261),4.813156604766846,52.414207458496094,0.0,2016-03-02 17:52:25.651)
((246310000,2428187,2428199),4.784983158111572,52.425933837890625,7.800000190734863,2016-03-02 10:10:00.972)
((244820404,2428129,2428179),4.818896770477295,52.40914535522461,0.10000000149011612,2016-03-02 01:30:06.445)
((244820404,2428129,2428179),4.749911785125732,52.41696548461914,1.2999999523162842,2016-03-02 03:50:01.849)
((244820404,2428129,2428179),4.775703430175781,52.426124572753906,4.800000190734863,2016-03-02 00:40:12.371)
((311913000,2428156,2428229),4.865213394165039,52.4000129699707,0.10000000149011612,2016-03-02 07:40:12.783)
((244820145,2428156,2428179),4.744391441345215,52.42377853393555,0.0,2016-03-02 06:10:08.164)
((311913000,2428156,2428229),4.86529016494751,52.399898529052734,0.10000000149011612,2016-03-02 09:31:18.624)
((244562000,2428167,2428261),4.813135147094727,52.41413879394531,0.0,2016-03-02 12:10:25.889)
((244562000,2428167,2428261),4.8131184577941895,52.414146423339844,0.0,2016-03-02 11:10:25.743)
((566255000,2428212,2428259),4.846380233764648,52.40928649902344,0.10000000149011612,2016-03-02 16:00:04.332)
((246152000,2428190,2428199),4.74921989440918,52.41487503051758,0.10000000149011612,2016-03-02 11:10:20.221)
((219430000,2428225,2428264),4.773426532745361,52.40447235107422,0.0,2016-03-02 18:40:14.250)
((219430000,2428225,2428264),4.773438453674316,52.40446853637695,0.0,2016-03-02 17:22:14.382)
((311913000,2428156,2428229),4.865208148956299,52.40000534057617,0.10000000149011612,2016-03-02 08:01:14.067)
((244820404,2428129,2428179),4.750653266906738,52.415611267089844,0.10000000149011612,2016-03-02 03:00:12.681)
((244562000,2428167,2428261),4.779008388519287,52.42584991455078,10.600000381469727,2016-03-02 06:40:02.491)
((566255000,2428212,2428259),4.846388339996338,52.409278869628906,0.0,2016-03-02 19:30:05.554)
((311913000,2428156,2428229),4.747125148773193,52.43052673339844,9.300000190734863,2016-03-02 16:40:20.455)
((566255000,2428212,2428259),4.846386432647705,52.40932846069336,0.0,2016-03-02 20:24:04.870)
((244190000,2428201,2428231),4.764766693115234,52.42744827270508,9.100000381469727,2016-03-02 12:10:08.327)
((244820145,2428156,2428179),4.744379997253418,52.423797607421875,0.0,2016-03-02 06:30:09.393)
((219430000,2428225,2428264),4.773423194885254,52.40451431274414,0.0,2016-03-02 18:31:14.384)
((244562000,2428167,2428261),4.8131184577941895,52.414127349853516,0.0,2016-03-02 07:52:25.826)
((219430000,2428225,2428264),4.773418426513672,52.40449523925781,0.0,2016-03-02 16:10:11.256)
((244562000,2428167,2428261),4.813173294067383,52.414100646972656,0.0,2016-03-02 19:43:24.693)
((244562000,2428167,2428261),4.813136577606201,52.41410446166992,0.10000000149011612,2016-03-02 19:31:25.556)
((244820404,2428129,2428179),4.74527645111084,52.42007827758789,0.0,2016-03-02 05:00:07.185)
