232002165,2015-12-02 22:15:35.67,4.873678207397461,52.40116500854492,0.0,AMS,1449094567000
232002165,2015-12-02 23:09:05.72,4.87373161315918,52.401187896728516,0.0,AMS,1449097812000
232002165,2015-12-02 21:40:16.78,4.873730182647705,52.40119171142578,0.0,AMS,1449092478000
232002165,2015-12-02 22:10:06.17,4.873654842376709,52.40121841430664,0.0,AMS,1449094217000
232002165,2015-12-02 20:09:15.85,4.873678207397461,52.40119171142578,0.0,AMS,1449087025000
232002165,2015-12-02 20:15:25.74,4.87370491027832,52.40119934082031,0.0,AMS,1449087374000
232002165,2015-12-02 23:51:36.38,4.8737568855285645,52.401180267333984,0.0,AMS,1449100298000
232002165,2015-12-02 21:03:16.69,4.873676776885986,52.40121841430664,0.0,AMS,1449090249000
232002165,2015-12-02 21:35:46.63,4.873714923858643,52.401206970214844,0.0,AMS,1449092163000
232002165,2015-12-02 21:26:55.62,4.873708248138428,52.401206970214844,0.0,AMS,1449091622000
232002165,2015-12-02 22:20:46.89,4.873714923858643,52.401206970214844,0.0,AMS,1449094889000
232002165,2015-12-02 23:20:17.10,4.873703479766846,52.40119552612305,0.0,AMS,1449098410000
232002165,2015-12-02 21:03:36.19,4.87373161315918,52.40113830566406,0.10000000149011612,AMS,1449090199000
232002165,2015-12-02 22:26:56.06,4.873678207397461,52.40121841430664,0.0,AMS,1449095166000
232002165,2015-12-02 20:26:26.43,4.873663425445557,52.401180267333984,0.10000000149011612,AMS,1449088003000
232002165,2015-12-02 22:36:46.46,4.873730182647705,52.401187896728516,0.0,AMS,1449095806000
232002165,2015-12-02 20:33:06.39,4.873678207397461,52.401241302490234,0.0,AMS,1449088419000
232002165,2015-12-02 20:04:36.62,4.873711585998535,52.401161193847656,0.10000000149011612,AMS,1449086702000
232002165,2015-12-02 22:01:37.05,4.873823165893555,52.40142822265625,0.0,AMS,1449093665000
232002165,2015-12-02 20:00:47.06,4.873720169067383,52.40108871459961,0.10000000149011612,AMS,1449086406000
232002165,2015-12-02 22:35:46.46,4.873751640319824,52.40119171142578,0.10000000149011612,AMS,1449095746000
232002165,2015-12-02 22:35:37.13,4.87375020980835,52.40119171142578,0.0,AMS,1449095713000
232002165,2015-12-02 23:49:06.97,4.8737101554870605,52.40119934082031,0.10000000149011612,AMS,1449100237000
232002165,2015-12-02 21:53:46.66,4.873700141906738,52.40119171142578,0.0,AMS,1449093246000
232002165,2015-12-02 22:36:06.43,4.8737335205078125,52.40119934082031,0.10000000149011612,AMS,1449095803000
232002165,2015-12-02 21:14:15.66,4.873716831207275,52.40119171142578,0.0,AMS,1449090906000
232002165,2015-12-02 20:32:06.39,4.873673439025879,52.40119934082031,0.10000000149011612,AMS,1449088359000
232002165,2015-12-02 22:03:57.44,4.873746871948242,52.401187896728516,0.10000000149011612,AMS,1449093824000
232002165,2015-12-02 20:13:16.45,4.873700141906738,52.40121841430664,0.10000000149011612,AMS,1449087225000
232002165,2015-12-02 22:12:06.17,4.873714923858643,52.401206970214844,0.0,AMS,1449094337000
232002165,2015-12-02 22:46:46.73,4.87371826171875,52.40121078491211,0.0,AMS,1449096433000
232002165,2015-12-02 21:10:57.06,4.873706817626953,52.401187896728516,0.0,AMS,1449090606000
232002165,2015-12-02 22:32:56.60,4.873708248138428,52.401187896728516,0.0,AMS,1449095580000
232002165,2015-12-02 23:55:26.62,4.8736982345581055,52.401187896728516,0.10000000149011612,AMS,1449100562000
232002165,2015-12-02 23:40:46.69,4.873684883117676,52.401241302490234,0.0,AMS,1449099669000
232002165,2015-12-02 23:30:56.86,4.873684883117676,52.40119552612305,0.0,AMS,1449099086000
232002165,2015-12-02 21:50:27.31,4.873671531677246,52.401180267333984,0.0,AMS,1449093031000
232002165,2015-12-02 22:31:47.15,4.8737568855285645,52.40116500854492,0.0,AMS,1449095475000
232002165,2015-12-02 23:18:35.85,4.873775005340576,52.40117263793945,0.0,AMS,1449098365000
232002165,2015-12-02 22:22:07.25,4.873716831207275,52.401206970214844,0.0,AMS,1449094945000
232002165,2015-12-02 22:54:06.43,4.873726844787598,52.40119171142578,0.10000000149011612,AMS,1449096883000
232002165,2015-12-02 20:03:36.62,4.873681545257568,52.40118408203125,0.10000000149011612,AMS,1449086642000
232002165,2015-12-02 21:36:26.99,4.873714923858643,52.40119934082031,0.10000000149011612,AMS,1449092259000
232002165,2015-12-02 22:13:06.17,4.873656749725342,52.401214599609375,0.0,AMS,1449094397000
232002165,2015-12-02 22:59:16.83,4.873730182647705,52.40119171142578,0.0,AMS,1449097223000
232002165,2015-12-02 23:12:17.07,4.873763561248779,52.40121841430664,0.0,AMS,1449097927000
232002165,2015-12-02 22:29:16.78,4.87375020980835,52.40117645263672,0.0,AMS,1449095418000
232002165,2015-12-02 20:31:06.41,4.873678207397461,52.40121078491211,0.0,AMS,1449088301000
232002165,2015-12-02 23:57:45.79,4.873711585998535,52.40122604370117,0.0,AMS,1449100699000
232002165,2015-12-02 23:39:16.33,4.873720169067383,52.401206970214844,0.10000000149011612,AMS,1449099573000
232002165,2015-12-02 21:29:46.28,4.873693466186523,52.40119171142578,0.0,AMS,1449091768000
232002165,2015-12-02 22:37:06.43,4.873730182647705,52.40119171142578,0.0,AMS,1449095863000
232002165,2015-12-02 23:47:36.38,4.873744964599609,52.40119934082031,0.0,AMS,1449100058000
232002165,2015-12-02 21:56:05.63,4.87371826171875,52.401180267333984,0.0,AMS,1449093423000
232002165,2015-12-02 22:13:56.78,4.873661518096924,52.401206970214844,0.0,AMS,1449094458000
232002165,2015-12-02 23:00:36.51,4.873711585998535,52.40119934082031,0.10000000149011612,AMS,1449097251000
232002165,2015-12-02 22:28:35.73,4.8737335205078125,52.401187896728516,0.0,AMS,1449095353000
232002165,2015-12-02 21:40:05.93,4.873728275299072,52.40119171142578,0.0,AMS,1449092493000
232002165,2015-12-02 22:28:16.83,4.873734951019287,52.401187896728516,0.10000000149011612,AMS,1449095363000
232002165,2015-12-02 23:25:16.49,4.873741626739502,52.40126037597656,0.0,AMS,1449098749000
232002165,2015-12-02 22:39:37.15,4.873720169067383,52.40121841430664,0.0,AMS,1449095955000
232002165,2015-12-02 20:16:35.37,4.873714923858643,52.401206970214844,0.10000000149011612,AMS,1449087397000
232002165,2015-12-02 22:40:46.48,4.873714923858643,52.40119171142578,0.0,AMS,1449096048000
232002165,2015-12-02 22:47:25.51,4.873684883117676,52.40121078491211,0.0,AMS,1449096471000
232002165,2015-12-02 23:01:06.99,4.873713493347168,52.40119934082031,0.0,AMS,1449097359000
232002165,2015-12-02 20:09:06.51,4.873680114746094,52.40119171142578,0.10000000149011612,AMS,1449086991000
232002165,2015-12-02 21:20:37.10,4.8736982345581055,52.40121841430664,0.0,AMS,1449091210000
232002165,2015-12-02 22:28:46.78,4.87375020980835,52.40116500854492,0.0,AMS,1449095358000
232002165,2015-12-02 23:23:06.74,4.873651504516602,52.40121841430664,0.10000000149011612,AMS,1449098654000
232002165,2015-12-02 23:09:55.33,4.873696804046631,52.401214599609375,0.0,AMS,1449097773000
232002165,2015-12-02 23:29:56.86,4.873671531677246,52.40113830566406,0.0,AMS,1449099026000
232002165,2015-12-02 21:06:16.92,4.873696804046631,52.40116500854492,0.10000000149011612,AMS,1449090452000
232002165,2015-12-02 21:24:55.62,4.873708248138428,52.40119171142578,0.0,AMS,1449091502000
232002165,2015-12-02 22:13:16.38,4.873660087585449,52.401214599609375,0.0,AMS,1449094418000
232002165,2015-12-02 23:27:16.48,4.873650074005127,52.40121841430664,0.0,AMS,1449098868000
232002165,2015-12-02 21:25:36.30,4.873720169067383,52.4012451171875,0.0,AMS,1449091530000
232002165,2015-12-02 20:16:16.46,4.87371826171875,52.401206970214844,0.0,AMS,1449087406000
232002165,2015-12-02 22:43:37.15,4.87371826171875,52.40119552612305,0.0,AMS,1449096195000
232002165,2015-12-02 22:36:37.13,4.8737382888793945,52.40119171142578,0.0,AMS,1449095773000
232002165,2015-12-02 20:09:26.33,4.873673439025879,52.40119171142578,0.10000000149011612,AMS,1449086973000
232002165,2015-12-02 23:00:46.41,4.873711585998535,52.40119934082031,0.0,AMS,1449097241000
232002165,2015-12-02 21:39:56.14,4.873726844787598,52.40119171142578,0.10000000149011612,AMS,1449092354000
232002165,2015-12-02 23:44:15.58,4.873744964599609,52.401187896728516,0.10000000149011612,AMS,1449099898000
232002165,2015-12-02 20:19:47.21,4.873693466186523,52.40119934082031,0.10000000149011612,AMS,1449087561000
232002165,2015-12-02 21:45:46.42,4.8737335205078125,52.40119934082031,0.0,AMS,1449092742000
232002165,2015-12-02 23:05:06.08,4.873681545257568,52.40119934082031,0.10000000149011612,AMS,1449097508000
232002165,2015-12-02 23:41:46.70,4.87375020980835,52.4012451171875,0.10000000149011612,AMS,1449099730000
232002165,2015-12-02 20:35:56.43,4.873690128326416,52.4012451171875,0.10000000149011612,AMS,1449088543000
232002165,2015-12-02 23:47:55.96,4.87370491027832,52.40121841430664,0.0,AMS,1449100116000
232002165,2015-12-02 23:27:56.30,4.873593330383301,52.40115737915039,0.10000000149011612,AMS,1449098850000
232002165,2015-12-02 22:46:25.52,4.873713493347168,52.401206970214844,0.10000000149011612,AMS,1449096412000
232002165,2015-12-02 21:09:17.25,4.873721599578857,52.401187896728516,0.0,AMS,1449090565000
232002165,2015-12-02 23:20:06.07,4.873701572418213,52.40119934082031,0.0,AMS,1449098407000
232002165,2015-12-02 21:01:07.05,4.873683452606201,52.401206970214844,0.0,AMS,1449090065000
232002165,2015-12-02 23:16:35.83,4.8737101554870605,52.40119934082031,0.0,AMS,1449098243000
232002165,2015-12-02 23:34:16.18,4.873624801635742,52.4012336730957,0.0,AMS,1449099258000
232002165,2015-12-02 23:36:26.75,4.873681545257568,52.40122604370117,0.0,AMS,1449099435000
232002165,2015-12-02 20:27:17.13,4.873651504516602,52.401214599609375,0.10000000149011612,AMS,1449088033000
232002165,2015-12-02 23:13:55.34,4.873714923858643,52.40121841430664,0.0,AMS,1449098014000
232002165,2015-12-02 21:39:37.13,4.87372350692749,52.401180267333984,0.0,AMS,1449092353000
232002165,2015-12-02 22:48:57.26,4.873708248138428,52.40121078491211,0.0,AMS,1449096506000
232002165,2015-12-02 20:03:17.22,4.873680114746094,52.401187896728516,0.10000000149011612,AMS,1449086602000
232002165,2015-12-02 21:42:36.83,4.873714923858643,52.401187896728516,0.0,AMS,1449092603000
232002165,2015-12-02 23:18:55.57,4.8737568855285645,52.401180267333984,0.0,AMS,1449098337000
232002165,2015-12-02 23:13:05.71,4.87373685836792,52.40121841430664,0.0,AMS,1449098051000
232002165,2015-12-02 21:47:36.27,4.873714923858643,52.401187896728516,0.10000000149011612,AMS,1449092847000
232002165,2015-12-02 23:36:46.69,4.873696804046631,52.401241302490234,0.10000000149011612,AMS,1449099429000
232002165,2015-12-02 22:56:27.03,4.873721599578857,52.40121841430664,0.10000000149011612,AMS,1449096963000
232002165,2015-12-02 20:04:47.80,4.873696804046631,52.401187896728516,0.10000000149011612,AMS,1449086720000
232002165,2015-12-02 21:00:25.98,4.873696804046631,52.401187896728516,0.0,AMS,1449090098000
232002165,2015-12-02 22:44:46.65,4.8736701011657715,52.40122604370117,0.10000000149011612,AMS,1449096305000
232002165,2015-12-02 23:39:46.69,4.8737568855285645,52.4012451171875,0.10000000149011612,AMS,1449099609000
232002165,2015-12-02 21:08:57.08,4.873716831207275,52.40117263793945,0.0,AMS,1449090488000
232002165,2015-12-02 20:18:35.36,4.873693466186523,52.401214599609375,0.0,AMS,1449087516000
232002165,2015-12-02 21:41:05.93,4.873726844787598,52.401206970214844,0.0,AMS,1449092553000
232002165,2015-12-02 20:33:56.43,4.873671531677246,52.401222229003906,0.10000000149011612,AMS,1449088423000
232002165,2015-12-02 22:28:06.46,4.8737568855285645,52.40116500854492,0.0,AMS,1449095326000
232002165,2015-12-02 22:05:37.05,4.873643398284912,52.40119934082031,0.0,AMS,1449093905000
232002165,2015-12-02 22:39:06.42,4.873708248138428,52.401206970214844,0.0,AMS,1449095982000
232002165,2015-12-02 20:14:06.93,4.873696804046631,52.40121078491211,0.0,AMS,1449087333000
232002165,2015-12-02 20:28:36.71,4.873671531677246,52.40121078491211,0.10000000149011612,AMS,1449088151000
232002165,2015-12-02 23:55:07.30,4.873714923858643,52.40119934082031,0.0,AMS,1449100530000
232002165,2015-12-02 23:01:56.54,4.873741626739502,52.40116500854492,0.10000000149011612,AMS,1449097314000
232002165,2015-12-02 23:00:26.00,4.873714923858643,52.40119171142578,0.0,AMS,1449097200000
232002165,2015-12-02 20:28:25.59,4.873663425445557,52.401214599609375,0.0,AMS,1449088139000
232002165,2015-12-02 23:33:16.17,4.873701572418213,52.40119934082031,0.0,AMS,1449099197000
232002165,2015-12-02 21:56:56.11,4.873716831207275,52.401180267333984,0.0,AMS,1449093371000
232002165,2015-12-02 23:43:25.66,4.873711585998535,52.40122604370117,0.0,AMS,1449099846000
232002165,2015-12-02 22:24:07.26,4.873726844787598,52.401214599609375,0.0,AMS,1449095066000
232002165,2015-12-02 21:39:05.91,4.873711585998535,52.401180267333984,0.0,AMS,1449092431000
232002165,2015-12-02 22:13:25.63,4.873666763305664,52.40121841430664,0.10000000149011612,AMS,1449094443000
232002165,2015-12-02 23:35:36.03,4.873690128326416,52.401222229003906,0.10000000149011612,AMS,1449099303000
232002165,2015-12-02 20:52:45.48,4.87370491027832,52.40117263793945,0.0,AMS,1449089568000
232002165,2015-12-02 23:41:36.70,4.8737568855285645,52.4012451171875,0.10000000149011612,AMS,1449099730000
232002165,2015-12-02 20:55:16.06,4.873696804046631,52.40119552612305,0.0,AMS,1449089706000
232002165,2015-12-02 23:41:56.78,4.8737335205078125,52.401241302490234,0.10000000149011612,AMS,1449099738000
232002165,2015-12-02 22:25:56.06,4.8737101554870605,52.40119171142578,0.0,AMS,1449095106000
232002165,2015-12-02 22:45:26.97,4.873684883117676,52.401206970214844,0.10000000149011612,AMS,1449096397000
232002165,2015-12-02 23:22:17.10,4.873671531677246,52.40120315551758,0.0,AMS,1449098530000
232002165,2015-12-02 22:04:25.41,4.873786449432373,52.401153564453125,0.10000000149011612,AMS,1449093881000
232002165,2015-12-02 22:51:57.25,4.873701572418213,52.401206970214844,0.10000000149011612,AMS,1449096685000
232002165,2015-12-02 21:54:15.56,4.87371826171875,52.40119171142578,0.0,AMS,1449093296000
232002165,2015-12-02 22:18:35.69,4.873714923858643,52.40119934082031,0.10000000149011612,AMS,1449094749000
232002165,2015-12-02 21:54:05.65,4.873711585998535,52.401187896728516,0.0,AMS,1449093305000
232002165,2015-12-02 20:20:45.51,4.873684883117676,52.40119934082031,0.0,AMS,1449087651000
232002165,2015-12-02 21:39:16.78,4.873720169067383,52.40117263793945,0.0,AMS,1449092418000
232002165,2015-12-02 23:48:26.11,4.87370491027832,52.401206970214844,0.0,AMS,1449100091000
232002165,2015-12-02 22:13:35.67,4.873664855957031,52.40121078491211,0.0,AMS,1449094447000
232002165,2015-12-02 20:47:15.45,4.873696804046631,52.40119934082031,0.0,AMS,1449089265000
232002165,2015-12-02 23:32:46.17,4.873700141906738,52.40119934082031,0.0,AMS,1449099137000
232002165,2015-12-02 20:10:16.45,4.873676776885986,52.401206970214844,0.0,AMS,1449087045000
232002165,2015-12-02 20:18:25.73,4.873688220977783,52.40119171142578,0.10000000149011612,AMS,1449087553000
232002165,2015-12-02 22:59:06.94,4.873726844787598,52.40117645263672,0.10000000149011612,AMS,1449097234000
232002165,2015-12-02 21:09:36.46,4.873713493347168,52.40119171142578,0.0,AMS,1449090586000
232002165,2015-12-02 23:28:16.49,4.873636722564697,52.40117263793945,0.10000000149011612,AMS,1449098929000
232002165,2015-12-02 21:00:16.70,4.873696804046631,52.401180267333984,0.0,AMS,1449090070000
232002165,2015-12-02 20:00:36.62,4.873720169067383,52.401084899902344,0.10000000149011612,AMS,1449086462000
232002165,2015-12-02 21:19:16.06,4.87372350692749,52.40121841430664,0.0,AMS,1449091146000
232002165,2015-12-02 20:17:25.74,4.873691558837891,52.401180267333984,0.0,AMS,1449087494000
232002165,2015-12-02 23:32:16.17,4.873708248138428,52.40119171142578,0.10000000149011612,AMS,1449099137000
232002165,2015-12-02 21:04:26.65,4.87371826171875,52.401153564453125,0.0,AMS,1449090305000
232002165,2015-12-02 20:53:06.17,4.873691558837891,52.40117263793945,0.0,AMS,1449089597000
232002165,2015-12-02 20:58:25.99,4.873726844787598,52.40119171142578,0.0,AMS,1449089979000
232002165,2015-12-02 22:25:35.74,4.873708248138428,52.40119171142578,0.0,AMS,1449095174000
232002165,2015-12-02 21:50:57.10,4.873678207397461,52.40117263793945,0.0,AMS,1449093010000
232002165,2015-12-02 22:41:55.62,4.873720169067383,52.40119934082031,0.0,AMS,1449096122000
232002165,2015-12-02 20:32:46.06,4.873678207397461,52.401222229003906,0.0,AMS,1449088326000
232002165,2015-12-02 23:19:35.85,4.873713493347168,52.401206970214844,0.0,AMS,1449098425000
232002165,2015-12-02 21:08:17.23,4.873713493347168,52.401180267333984,0.0,AMS,1449090503000
232002165,2015-12-02 23:05:36.59,4.873720169067383,52.40119171142578,0.10000000149011612,AMS,1449097559000
232002165,2015-12-02 22:21:35.74,4.873696804046631,52.401222229003906,0.0,AMS,1449094934000
232002165,2015-12-02 20:45:46.06,4.873673439025879,52.401206970214844,0.0,AMS,1449089106000
232002165,2015-12-02 21:11:17.23,4.873714923858643,52.401187896728516,0.0,AMS,1449090683000
232002165,2015-12-02 20:34:06.39,4.873663425445557,52.40121841430664,0.0,AMS,1449088479000
232002165,2015-12-02 23:39:56.78,4.87373685836792,52.401241302490234,0.10000000149011612,AMS,1449099618000
232002165,2015-12-02 23:49:47.05,4.873694896697998,52.401187896728516,0.0,AMS,1449100145000
232002165,2015-12-02 22:50:16.01,4.873741626739502,52.40119171142578,0.10000000149011612,AMS,1449096601000
232002165,2015-12-02 23:35:46.17,4.873701572418213,52.40122604370117,0.0,AMS,1449099317000
232002165,2015-12-02 22:44:26.97,4.873661518096924,52.40122604370117,0.10000000149011612,AMS,1449096337000
232002165,2015-12-02 20:48:15.45,4.873700141906738,52.401187896728516,0.0,AMS,1449089325000
232002165,2015-12-02 23:07:36.58,4.8737335205078125,52.401187896728516,0.0,AMS,1449097678000
232002165,2015-12-02 22:54:16.62,4.873714923858643,52.401187896728516,0.0,AMS,1449096902000
232002165,2015-12-02 20:07:46.93,4.873684883117676,52.40119934082031,0.10000000149011612,AMS,1449086913000
232002165,2015-12-02 20:12:26.36,4.873681545257568,52.40119171142578,0.0,AMS,1449087156000
232002165,2015-12-02 20:29:56.65,4.87363338470459,52.401161193847656,0.10000000149011612,AMS,1449088205000
232002165,2015-12-02 21:20:47.10,7.333333633141592E-5,-83.91366577148438,0.0,SEA,1449091210000
232002165,2015-12-02 21:13:36.36,4.8737335205078125,52.40119934082031,0.0,AMS,1449090816000
232002165,2015-12-02 23:21:06.05,4.873671531677246,52.4012451171875,0.0,AMS,1449098465000
232002165,2015-12-02 21:50:15.45,4.873673439025879,52.401180267333984,0.0,AMS,1449093045000
232002165,2015-12-02 21:13:25.56,4.873734951019287,52.40119934082031,0.0,AMS,1449090836000
232002165,2015-12-02 22:54:47.03,4.873716831207275,52.40119934082031,0.10000000149011612,AMS,1449096843000
232002165,2015-12-02 23:43:56.78,4.873751640319824,52.401187896728516,0.0,AMS,1449099858000
232002165,2015-12-02 21:28:26.93,4.873701572418213,52.40119171142578,0.0,AMS,1449091773000
232002165,2015-12-02 21:26:36.30,4.873714923858643,52.40119934082031,0.0,AMS,1449091590000
232002165,2015-12-02 21:20:16.06,4.873706817626953,52.40119934082031,0.0,AMS,1449091206000
232002165,2015-12-02 22:08:15.88,4.873708248138428,52.401214599609375,0.0,AMS,1449094168000
232002165,2015-12-02 20:22:35.85,4.87370491027832,52.40119171142578,0.10000000149011612,AMS,1449087805000
232002165,2015-12-02 21:10:45.42,4.873701572418213,52.40119171142578,0.0,AMS,1449090642000
232002165,2015-12-02 21:20:26.49,4.873701572418213,52.40121078491211,0.0,AMS,1449091249000
232002165,2015-12-02 23:12:26.44,4.8737568855285645,52.40121841430664,0.0,AMS,1449097964000
232002165,2015-12-02 21:46:46.37,4.873743534088135,52.40119552612305,0.0,AMS,1449092797000
232002165,2015-12-02 22:06:57.23,4.873671531677246,52.40121841430664,0.0,AMS,1449093983000
232002165,2015-12-02 23:57:36.65,4.87371826171875,52.4012336730957,0.0,AMS,1449100685000
232002165,2015-12-02 22:58:27.05,4.873714923858643,52.4012336730957,0.0,AMS,1449097085000
232002165,2015-12-02 21:23:17.23,4.87370491027832,52.40120315551758,0.0,AMS,1449091403000
232002165,2015-12-02 22:04:57.22,4.873713493347168,52.401180267333984,0.0,AMS,1449093862000
232002165,2015-12-02 20:56:35.47,4.873741626739502,52.40117263793945,0.0,AMS,1449089807000
232002165,2015-12-02 23:15:17.07,4.873764991760254,52.401180267333984,0.0,AMS,1449098107000
232002165,2015-12-02 22:40:37.14,4.873714923858643,52.40119171142578,0.0,AMS,1449096014000
232002165,2015-12-02 22:52:57.25,4.873701572418213,52.401214599609375,0.10000000149011612,AMS,1449096745000
232002165,2015-12-02 23:11:05.72,4.873786449432373,52.40119171142578,0.0,AMS,1449097932000
232002165,2015-12-02 23:15:26.42,4.873753547668457,52.401187896728516,0.0,AMS,1449098142000
232002165,2015-12-02 22:58:36.50,4.873713493347168,52.40122604370117,0.0,AMS,1449097130000
232002165,2015-12-02 23:05:16.83,4.873701572418213,52.40119171142578,0.0,AMS,1449097583000
232002165,2015-12-02 22:41:06.44,4.873714923858643,52.40119171142578,0.0,AMS,1449096104000
232002165,2015-12-02 21:12:17.25,4.873708248138428,52.401206970214844,0.0,AMS,1449090745000
232002165,2015-12-02 21:04:57.10,4.873696804046631,52.401187896728516,0.0,AMS,1449090250000
232002165,2015-12-02 21:36:46.64,4.873703479766846,52.40119171142578,0.0,AMS,1449092224000
232002165,2015-12-02 20:34:27.25,4.873668193817139,52.401214599609375,0.0,AMS,1449088465000
232002165,2015-12-02 20:50:56.03,4.873696804046631,52.401180267333984,0.0,AMS,1449089403000
232002165,2015-12-02 22:14:35.67,4.873664855957031,52.40119171142578,0.0,AMS,1449094507000
232002165,2015-12-02 21:45:25.37,4.87371826171875,52.40119934082031,0.0,AMS,1449092737000
232002165,2015-12-02 21:20:56.45,4.873708248138428,52.40126037597656,0.0,AMS,1449091245000
232002165,2015-12-02 21:56:16.97,4.873708248138428,52.401180267333984,0.10000000149011612,AMS,1449093457000
232002165,2015-12-02 23:42:15.58,4.87373161315918,52.40121841430664,0.10000000149011612,AMS,1449099778000
232002165,2015-12-02 20:43:37.30,4.873684883117676,52.40121841430664,0.0,AMS,1449089010000
232002165,2015-12-02 23:51:26.12,4.87373685836792,52.40118408203125,0.0,AMS,1449100272000
232002165,2015-12-02 23:59:45.78,4.873766899108887,52.40127944946289,0.0,AMS,1449100818000
232002165,2015-12-02 21:03:07.05,4.8736748695373535,52.40121841430664,0.0,AMS,1449090185000
232002165,2015-12-02 20:02:57.11,4.873681545257568,52.401180267333984,0.0,AMS,1449086531000
232002165,2015-12-02 21:52:36.27,4.873459815979004,-83.9136962890625,0.0,SEA,1449093147000
232002165,2015-12-02 23:35:07.40,4.873673439025879,52.40121078491211,0.10000000149011612,AMS,1449099340000
232002165,2015-12-02 23:57:55.56,4.873711585998535,52.40121841430664,0.0,AMS,1449100676000
232002165,2015-12-02 21:17:36.35,4.873726844787598,52.401187896728516,0.0,AMS,1449091055000
232002165,2015-12-02 22:19:35.69,4.873726844787598,52.40120315551758,0.0,AMS,1449094809000
232002165,2015-12-02 23:51:06.97,4.8736982345581055,52.40119171142578,0.10000000149011612,AMS,1449100357000
232002165,2015-12-02 22:42:57.07,4.873730182647705,52.401180267333984,0.0,AMS,1449096127000
232002165,2015-12-02 22:06:15.87,4.8737382888793945,52.401241302490234,0.0,AMS,1449094047000
232002165,2015-12-02 22:24:36.39,4.8737382888793945,52.40121078491211,0.0,AMS,1449095079000
232002165,2015-12-02 22:42:26.97,4.8737335205078125,52.40119171142578,0.10000000149011612,AMS,1449096217000
232002165,2015-12-02 22:15:56.78,4.873693466186523,52.40117263793945,0.0,AMS,1449094578000
232002165,2015-12-02 21:38:37.13,4.87370491027832,52.401180267333984,0.0,AMS,1449092293000
232002165,2015-12-02 21:22:37.10,4.873691558837891,52.40121078491211,0.0,AMS,1449091330000
232002165,2015-12-02 20:35:27.25,4.873694896697998,52.401241302490234,0.0,AMS,1449088525000
232002165,2015-12-02 20:39:46.22,4.873703479766846,52.40121841430664,0.0,AMS,1449088762000
232002165,2015-12-02 23:27:06.75,4.873660087585449,52.40121841430664,0.0,AMS,1449098895000
232002165,2015-12-02 22:25:17.02,4.873726844787598,52.40119171142578,0.0,AMS,1449095102000
232002165,2015-12-02 22:03:16.98,4.873744964599609,52.40119171142578,0.0,AMS,1449093878000
232002165,2015-12-02 21:00:56.14,4.873684883117676,52.401206970214844,0.0,AMS,1449090014000
232002165,2015-12-02 21:34:46.61,4.873741626739502,52.401187896728516,0.0,AMS,1449092101000
232002165,2015-12-02 20:41:06.01,4.873664855957031,52.40119934082031,0.0,AMS,1449088861000
232002165,2015-12-02 21:07:16.97,4.873713493347168,52.401180267333984,0.0,AMS,1449090517000
232002165,2015-12-02 20:06:47.42,4.873681545257568,52.401187896728516,0.0,AMS,1449086802000
232002165,2015-12-02 20:45:15.48,4.8736701011657715,52.40119171142578,0.0,AMS,1449089148000
232002165,2015-12-02 21:57:36.62,4.87372350692749,52.40117263793945,0.0,AMS,1449093482000
232002165,2015-12-02 20:11:56.33,4.873678207397461,52.401187896728516,0.0,AMS,1449087093000
232002165,2015-12-02 20:34:45.42,4.873671531677246,52.40119171142578,0.0,AMS,1449088482000
232002165,2015-12-02 22:17:35.67,4.8737101554870605,52.40120315551758,0.0,AMS,1449094687000
232002165,2015-12-02 22:43:16.01,4.873716831207275,52.40119171142578,0.0,AMS,1449096181000
232002165,2015-12-02 21:33:46.25,4.873686790466309,52.40119934082031,0.0,AMS,1449092005000
232002165,2015-12-02 21:01:16.70,4.873681545257568,52.401206970214844,0.0,AMS,1449090130000
232002165,2015-12-02 22:45:15.99,4.873678207397461,52.401206970214844,0.0,AMS,1449096399000
232002165,2015-12-02 20:10:47.42,4.873663425445557,52.40121841430664,0.0,AMS,1449087042000
232002165,2015-12-02 21:19:47.09,4.873714923858643,52.40119934082031,0.0,AMS,1449091149000
232002165,2015-12-02 23:28:37.23,4.873711585998535,52.40121841430664,0.10000000149011612,AMS,1449098903000
232002165,2015-12-02 22:52:16.61,4.873696804046631,52.40121841430664,0.10000000149011612,AMS,1449096781000
232002165,2015-12-02 20:19:56.60,4.873688220977783,52.401214599609375,0.0,AMS,1449087600000
232002165,2015-12-02 22:48:16.02,4.873720169067383,52.401180267333984,0.10000000149011612,AMS,1449096482000
232002165,2015-12-02 23:46:36.38,4.873720169067383,52.401187896728516,0.0,AMS,1449099998000
232002165,2015-12-02 21:48:27.31,4.8737101554870605,52.40116882324219,0.0,AMS,1449092911000
232002165,2015-12-02 21:31:26.94,4.873690128326416,52.40121078491211,0.10000000149011612,AMS,1449091954000
232002165,2015-12-02 21:44:46.38,4.873708248138428,52.401187896728516,0.0,AMS,1449092678000
232002165,2015-12-02 21:01:36.19,4.873684883117676,52.40120315551758,0.0,AMS,1449090079000
232002165,2015-12-02 23:06:46.30,4.873734951019287,52.40118408203125,0.10000000149011612,AMS,1449097590000
232002165,2015-12-02 21:31:36.30,4.873688220977783,52.40121078491211,0.10000000149011612,AMS,1449091890000
232002165,2015-12-02 23:22:36.34,4.873658180236816,52.401187896728516,0.0,AMS,1449098554000
232002165,2015-12-02 22:17:06.06,4.873701572418213,52.40119171142578,0.10000000149011612,AMS,1449094626000
232002165,2015-12-02 21:58:05.63,4.87372350692749,52.40117263793945,0.10000000149011612,AMS,1449093543000
232002165,2015-12-02 22:26:35.73,4.873708248138428,52.40119171142578,0.0,AMS,1449095233000
232002165,2015-12-02 21:24:46.51,4.873706817626953,52.40119934082031,0.0,AMS,1449091491000
232002165,2015-12-02 22:45:06.25,4.873673439025879,52.401214599609375,0.0,AMS,1449096325000
232002165,2015-12-02 20:59:16.70,4.873701572418213,52.40119552612305,0.0,AMS,1449090010000
232002165,2015-12-02 21:43:46.38,4.873459815979004,-83.9136962890625,0.0,SEA,1449092618000
232002165,2015-12-02 21:08:26.82,4.873714923858643,52.401180267333984,0.0,AMS,1449090562000
232002165,2015-12-02 20:24:45.51,4.87371826171875,52.401180267333984,0.0,AMS,1449087891000
232002165,2015-12-02 21:37:46.62,4.873701572418213,52.40119171142578,0.0,AMS,1449092282000
232002165,2015-12-02 21:13:05.67,4.87373685836792,52.40119934082031,0.0,AMS,1449090847000
232002165,2015-12-02 23:40:15.82,4.873701572418213,52.4012336730957,0.10000000149011612,AMS,1449099682000
232002165,2015-12-02 21:02:36.19,4.873678207397461,52.40119934082031,0.0,AMS,1449090139000
232002165,2015-12-02 21:58:36.62,4.873714923858643,52.40116500854492,0.0,AMS,1449093542000
232002165,2015-12-02 22:09:56.78,4.873661518096924,52.40121841430664,0.10000000149011612,AMS,1449094218000
232002165,2015-12-02 23:15:05.76,4.873763561248779,52.40117263793945,0.0,AMS,1449098176000
232002165,2015-12-02 22:43:06.23,4.87372350692749,52.401187896728516,0.0,AMS,1449096203000
232002165,2015-12-02 21:57:27.22,4.87372350692749,52.40117645263672,0.0,AMS,1449093442000
232002165,2015-12-02 20:42:46.23,4.873671531677246,52.40121841430664,0.10000000149011612,AMS,1449088943000
232002165,2015-12-02 21:15:45.42,4.873713493347168,52.401187896728516,0.0,AMS,1449090942000
232002165,2015-12-02 20:26:36.26,4.873661518096924,52.40118408203125,0.10000000149011612,AMS,1449087986000
232002165,2015-12-02 22:03:37.05,4.873740196228027,52.401187896728516,0.10000000149011612,AMS,1449093785000
232002165,2015-12-02 20:53:55.79,4.873700141906738,52.40119934082031,0.0,AMS,1449089659000
232002165,2015-12-02 20:42:55.50,4.873668193817139,52.40121841430664,0.10000000149011612,AMS,1449088970000
232002165,2015-12-02 20:18:56.09,4.873701572418213,52.40122604370117,0.0,AMS,1449087489000
232002165,2015-12-02 23:42:56.78,4.873714923858643,52.40119171142578,0.0,AMS,1449099798000
232002165,2015-12-02 22:07:36.59,4.8736701011657715,52.40119171142578,0.0,AMS,1449094079000
232002165,2015-12-02 22:58:46.39,4.873714923858643,52.40121841430664,0.10000000149011612,AMS,1449097119000
232002165,2015-12-02 23:20:55.58,4.8736701011657715,52.401206970214844,0.0,AMS,1449098458000
232002165,2015-12-02 20:35:15.80,4.873690128326416,52.40122985839844,0.0,AMS,1449088580000
232002165,2015-12-02 20:16:47.21,4.873708248138428,52.40119171142578,0.10000000149011612,AMS,1449087381000
232002165,2015-12-02 20:24:35.85,4.8737335205078125,52.40117645263672,0.0,AMS,1449087925000
232002165,2015-12-02 20:41:46.24,4.8736701011657715,52.40119552612305,0.0,AMS,1449088884000
232002165,2015-12-02 22:54:56.66,4.873716831207275,52.40120315551758,0.0,AMS,1449096906000
232002165,2015-12-02 22:26:16.31,4.873708248138428,52.40119934082031,0.0,AMS,1449095191000
232002165,2015-12-02 20:38:17.22,4.873690128326416,52.40122604370117,0.10000000149011612,AMS,1449088702000
232002165,2015-12-02 23:12:36.22,4.873748302459717,52.40122604370117,0.0,AMS,1449097942000
232002165,2015-12-02 23:45:16.09,4.873748302459717,52.40116500854492,0.0,AMS,1449099909000
232002165,2015-12-02 21:06:45.99,4.873701572418213,52.40117263793945,0.0,AMS,1449090459000
232002165,2015-12-02 21:40:26.99,4.873726844787598,52.40119171142578,0.0,AMS,1449092499000
232002165,2015-12-02 20:33:27.26,4.873676776885986,52.40122604370117,0.10000000149011612,AMS,1449088406000
232002165,2015-12-02 23:19:17.10,4.873726844787598,52.401187896728516,0.0,AMS,1449098350000
232002165,2015-12-02 21:06:57.09,4.873708248138428,52.40117263793945,0.10000000149011612,AMS,1449090369000
232002165,2015-12-02 20:52:06.18,4.873708248138428,52.40117263793945,0.0,AMS,1449089538000
232002165,2015-12-02 23:06:36.59,4.87373685836792,52.401187896728516,0.10000000149011612,AMS,1449097619000
232002165,2015-12-02 20:16:06.93,4.873744964599609,52.40119171142578,0.0,AMS,1449087453000
232002165,2015-12-02 21:49:37.87,4.873684883117676,52.40118408203125,0.10000000149011612,AMS,1449093027000
232002165,2015-12-02 23:21:47.18,4.873666763305664,52.401206970214844,0.10000000149011612,AMS,1449098478000
232002165,2015-12-02 22:17:25.87,4.873706817626953,52.40119934082031,0.0,AMS,1449094707000
232002165,2015-12-02 21:30:26.93,4.873708248138428,52.401206970214844,0.0,AMS,1449091893000
232002165,2015-12-02 21:43:56.74,4.8736982345581055,52.40117263793945,0.0,AMS,1449092654000
232002165,2015-12-02 23:44:36.70,4.873714923858643,52.40119171142578,0.0,AMS,1449099910000
232002165,2015-12-02 20:30:15.82,4.873643398284912,52.401180267333984,0.10000000149011612,AMS,1449088282000
232002165,2015-12-02 20:01:16.75,4.873691558837891,52.401084899902344,0.10000000149011612,AMS,1449086535000
232002165,2015-12-02 23:05:46.31,4.873728275299072,52.40119171142578,0.0,AMS,1449097531000
232002165,2015-12-02 22:57:56.68,4.873714923858643,52.40122604370117,0.10000000149011612,AMS,1449097088000
232002165,2015-12-02 23:58:36.65,4.873711585998535,52.40121078491211,0.0,AMS,1449100745000
232002165,2015-12-02 23:19:06.07,4.873744964599609,52.40117263793945,0.0,AMS,1449098347000
232002165,2015-12-02 21:50:05.67,4.873678207397461,52.401180267333984,0.0,AMS,1449093067000
232002165,2015-12-02 21:52:15.55,4.873701572418213,52.401187896728516,0.0,AMS,1449093175000
232002165,2015-12-02 23:38:36.03,4.87373685836792,52.4012336730957,0.0,AMS,1449099483000
232002165,2015-12-02 23:32:07.11,4.873703479766846,52.40119171142578,0.10000000149011612,AMS,1449099131000
232002165,2015-12-02 21:17:16.06,4.873726844787598,52.40119934082031,0.0,AMS,1449091026000
232002165,2015-12-02 22:27:06.47,4.873693466186523,52.40121841430664,0.0,AMS,1449095267000
232002165,2015-12-02 23:40:36.69,4.873681545257568,52.401248931884766,0.0,AMS,1449099669000
232002165,2015-12-02 22:16:06.06,4.873691558837891,52.401180267333984,0.0,AMS,1449094566000
232002165,2015-12-02 21:23:26.62,4.873713493347168,52.40121078491211,0.0,AMS,1449091442000
232002165,2015-12-02 22:51:35.82,4.873693466186523,52.40121841430664,0.10000000149011612,AMS,1449096742000
232002165,2015-12-02 22:23:56.06,4.873716831207275,52.40121841430664,0.0,AMS,1449094986000
232002165,2015-12-02 23:31:07.13,4.87371826171875,52.40121841430664,0.0,AMS,1449099073000
232002165,2015-12-02 23:18:45.42,4.873771667480469,52.401180267333984,0.0,AMS,1449098322000
232002165,2015-12-02 23:47:15.58,4.8737382888793945,52.40121078491211,0.0,AMS,1449100078000
232002165,2015-12-02 21:42:06.52,4.87373685836792,52.40119171142578,0.0,AMS,1449092572000
232002165,2015-12-02 23:05:26.01,4.873713493347168,52.40119171142578,0.0,AMS,1449097501000
232002165,2015-12-02 22:54:37.08,4.873708248138428,52.40119171142578,0.10000000149011612,AMS,1449096848000
232002165,2015-12-02 23:59:26.62,4.873751640319824,52.401268005371094,0.0,AMS,1449100802000
232002165,2015-12-02 22:36:55.63,4.873726844787598,52.401187896728516,0.0,AMS,1449095823000
232002165,2015-12-02 22:32:47.15,4.873708248138428,52.40119171142578,0.0,AMS,1449095535000
232002165,2015-12-02 23:58:16.94,4.873703479766846,52.40121841430664,0.0,AMS,1449100774000
232002165,2015-12-02 20:00:57.10,4.873726844787598,52.401084899902344,0.10000000149011612,AMS,1449086410000
232002165,2015-12-02 21:42:46.38,4.873708248138428,52.401187896728516,0.0,AMS,1449092558000
232002165,2015-12-02 20:14:35.98,4.873696804046631,52.40119171142578,0.0,AMS,1449087338000
232002165,2015-12-02 23:11:26.17,4.873793125152588,52.40119934082031,0.0,AMS,1449097877000
232002165,2015-12-02 21:31:16.91,4.873691558837891,52.401206970214844,0.0,AMS,1449091951000
232002165,2015-12-02 21:16:36.36,4.873716831207275,52.40120315551758,0.0,AMS,1449090996000
232002165,2015-12-02 20:21:56.60,4.873701572418213,52.40119934082031,0.0,AMS,1449087720000
232002165,2015-12-02 21:54:36.27,4.873690128326416,52.401180267333984,0.0,AMS,1449093267000
232002165,2015-12-02 23:14:36.22,4.874041557312012,52.4011344909668,0.0,AMS,1449098062000
232002165,2015-12-02 21:37:37.13,4.873696804046631,52.40119171142578,0.0,AMS,1449092233000
232002165,2015-12-02 23:27:37.23,4.873610019683838,52.40117263793945,0.10000000149011612,AMS,1449098843000
232002165,2015-12-02 23:59:56.62,4.873763561248779,52.40127944946289,0.0,AMS,1449100802000
232002165,2015-12-02 21:57:16.95,4.873720169067383,52.401180267333984,0.0,AMS,1449093515000
232002165,2015-12-02 22:32:36.34,4.873714923858643,52.401187896728516,0.0,AMS,1449095554000
232002165,2015-12-02 21:01:25.97,4.873681545257568,52.401206970214844,0.0,AMS,1449090157000
232002165,2015-12-02 22:57:36.50,4.873714923858643,52.40122604370117,0.10000000149011612,AMS,1449097070000
232002165,2015-12-02 22:31:06.73,4.873459815979004,-83.9136962890625,0.10000000149011612,SEA,1449095533000
232002165,2015-12-02 20:46:56.09,4.873693466186523,52.401206970214844,0.0,AMS,1449089169000
232002165,2015-12-02 22:47:46.63,4.873683452606201,52.401206970214844,0.0,AMS,1449096483000
232002165,2015-12-02 21:27:26.94,4.873703479766846,52.401187896728516,0.0,AMS,1449091714000
232002165,2015-12-02 21:29:16.91,4.873703479766846,52.40119171142578,0.0,AMS,1449091831000
232002165,2015-12-02 23:49:16.14,4.873700141906738,52.40119171142578,0.10000000149011612,AMS,1449100154000
232002165,2015-12-02 23:18:06.06,4.873714923858643,52.40117645263672,0.0,AMS,1449098286000
232002165,2015-12-02 21:34:16.91,4.87370491027832,52.401187896728516,0.10000000149011612,AMS,1449092131000
232002165,2015-12-02 21:35:56.12,4.873714923858643,52.40119934082031,0.0,AMS,1449092112000
232002165,2015-12-02 21:02:16.70,4.873684883117676,52.40119171142578,0.10000000149011612,AMS,1449090190000
232002165,2015-12-02 21:18:16.06,4.873708248138428,52.401180267333984,0.0,AMS,1449091086000
232002165,2015-12-02 21:01:56.14,4.873680114746094,52.40119934082031,0.10000000149011612,AMS,1449090074000
232002165,2015-12-02 21:15:15.66,4.873726844787598,52.40121078491211,0.0,AMS,1449090966000
232002165,2015-12-02 23:21:36.35,4.873459815979004,-83.91366577148438,0.10000000149011612,SEA,1449098495000
232002165,2015-12-02 21:57:05.63,4.87371826171875,52.401180267333984,0.0,AMS,1449093483000
232002165,2015-12-02 22:50:35.82,4.87373161315918,52.40119934082031,0.10000000149011612,AMS,1449096682000
232002165,2015-12-02 21:11:36.48,4.873713493347168,52.40119934082031,0.0,AMS,1449090708000
232002165,2015-12-02 23:17:06.07,4.873690128326416,52.40119171142578,0.0,AMS,1449098227000
232002165,2015-12-02 22:21:46.89,4.873708248138428,52.401214599609375,0.10000000149011612,AMS,1449094949000
232002165,2015-12-02 23:53:16.08,4.873696804046631,52.40119171142578,0.0,AMS,1449100388000
232002165,2015-12-02 23:05:56.55,4.873703479766846,52.40119934082031,0.0,AMS,1449097555000
232002165,2015-12-02 21:25:17.23,4.8736982345581055,52.40119934082031,0.10000000149011612,AMS,1449091523000
232002165,2015-12-02 21:33:55.87,4.873686790466309,52.40119171142578,0.0,AMS,1449092067000
232002165,2015-12-02 20:14:56.33,4.873701572418213,52.40119934082031,0.0,AMS,1449087273000
232002165,2015-12-02 22:50:47.03,4.87373685836792,52.40119934082031,0.10000000149011612,AMS,1449096603000
232002165,2015-12-02 21:19:37.48,4.87371826171875,52.401206970214844,0.0,AMS,1449091188000
232002165,2015-12-02 23:42:46.68,4.873720169067383,52.40121841430664,0.10000000149011612,AMS,1449099788000
232002165,2015-12-02 21:39:46.70,4.873726844787598,52.401187896728516,0.0,AMS,1449092410000
232002165,2015-12-02 23:59:08.16,4.873720169067383,52.40119171142578,0.0,AMS,1449100756000
232002165,2015-12-02 20:21:26.42,4.873696804046631,52.401206970214844,0.0,AMS,1449087702000
232002165,2015-12-02 22:00:06.20,4.8736701011657715,52.40115737915039,0.0,AMS,1449093620000
232002165,2015-12-02 21:08:36.46,4.873714923858643,52.40117645263672,0.0,AMS,1449090526000
232002165,2015-12-02 22:56:47.26,4.873726844787598,52.401206970214844,0.10000000149011612,AMS,1449096986000
232002165,2015-12-02 21:47:46.39,4.873720169067383,52.401187896728516,0.0,AMS,1449092859000
232002165,2015-12-02 23:42:25.66,4.873721599578857,52.40121841430664,0.0,AMS,1449099786000
232002165,2015-12-02 20:11:46.87,4.873676776885986,52.401187896728516,0.0,AMS,1449087147000
232002165,2015-12-02 21:12:55.55,4.8737335205078125,52.40119934082031,0.0,AMS,1449090775000
232002165,2015-12-02 23:21:17.10,4.873694896697998,52.4012451171875,0.0,AMS,1449098470000
232002165,2015-12-02 23:49:57.13,4.873690128326416,52.40118408203125,0.0,AMS,1449100153000
232002165,2015-12-02 22:43:46.63,4.873711585998535,52.40119171142578,0.0,AMS,1449096243000
232002165,2015-12-02 22:53:47.02,4.8737101554870605,52.40122604370117,0.10000000149011612,AMS,1449096782000
232002165,2015-12-02 21:24:26.62,4.873701572418213,52.40119934082031,0.0,AMS,1449091502000
232002165,2015-12-02 21:41:16.78,4.87373685836792,52.40120315551758,0.0,AMS,1449092538000
232002165,2015-12-02 21:15:25.58,4.873724937438965,52.40119934082031,0.0,AMS,1449090958000
232002165,2015-12-02 23:54:36.66,4.87373161315918,52.401214599609375,0.10000000149011612,AMS,1449100506000
232002165,2015-12-02 23:57:16.93,4.873720169067383,52.40122604370117,0.0,AMS,1449100713000
232002165,2015-12-02 22:34:16.78,4.873720169067383,52.401180267333984,0.0,AMS,1449095718000
232002165,2015-12-02 23:25:06.74,4.873691558837891,52.401268005371094,0.10000000149011612,AMS,1449098774000
232002165,2015-12-02 23:26:37.23,4.873648166656494,52.40121078491211,0.0,AMS,1449098783000
232002165,2015-12-02 20:43:55.50,4.873684883117676,52.401206970214844,0.0,AMS,1449089030000
232002165,2015-12-02 22:39:46.46,4.8737335205078125,52.40121841430664,0.0,AMS,1449095986000
232002165,2015-12-02 21:45:06.50,4.873720169067383,52.40119171142578,0.0,AMS,1449092750000
232002165,2015-12-02 23:43:36.71,4.873708248138428,52.40122604370117,0.0,AMS,1449099851000
232002165,2015-12-02 23:36:36.02,4.873696804046631,52.401241302490234,0.0,AMS,1449099362000
232002165,2015-12-02 22:02:57.22,4.873758316040039,52.40121841430664,0.0,AMS,1449093742000
232002165,2015-12-02 23:00:16.83,4.87371826171875,52.40119171142578,0.0,AMS,1449097283000
232002165,2015-12-02 20:44:56.24,4.873676776885986,52.401187896728516,0.0,AMS,1449089064000
232002165,2015-12-02 22:23:07.25,4.873708248138428,52.401214599609375,0.0,AMS,1449095005000
232002165,2015-12-02 20:49:36.35,4.8737335205078125,52.40117263793945,0.0,AMS,1449089375000
232002165,2015-12-02 20:50:36.35,4.873701572418213,52.401180267333984,0.0,AMS,1449089435000
232002165,2015-12-02 21:18:06.81,4.873714923858643,52.401180267333984,0.0,AMS,1449091161000
232002165,2015-12-02 22:50:57.25,4.873730182647705,52.40119934082031,0.10000000149011612,AMS,1449096625000
232002165,2015-12-02 22:59:27.05,4.873726844787598,52.40119171142578,0.0,AMS,1449097145000
232002165,2015-12-02 21:00:07.05,4.873696804046631,52.401180267333984,0.0,AMS,1449090005000
232002165,2015-12-02 22:40:55.63,4.873714923858643,52.40119171142578,0.0,AMS,1449096063000
232002165,2015-12-02 21:37:56.14,4.873700141906738,52.401187896728516,0.0,AMS,1449092234000
232002165,2015-12-02 22:56:36.51,4.873726844787598,52.401214599609375,0.10000000149011612,AMS,1449097011000
232002165,2015-12-02 21:51:46.63,4.873726844787598,52.40119171142578,0.0,AMS,1449093123000
232002165,2015-12-02 21:59:45.37,4.873711585998535,52.401187896728516,0.0,AMS,1449093577000
232002165,2015-12-02 22:53:06.42,4.873720169067383,52.40121841430664,0.10000000149011612,AMS,1449096822000
232002165,2015-12-02 22:19:46.87,4.873696804046631,52.40121841430664,0.0,AMS,1449094827000
232002165,2015-12-02 22:14:16.40,4.8736701011657715,52.401206970214844,0.10000000149011612,AMS,1449094480000
232002165,2015-12-02 23:03:16.83,4.873726844787598,52.40119552612305,0.0,AMS,1449097463000
232002165,2015-12-02 22:34:27.14,4.873763561248779,52.401161193847656,0.10000000149011612,AMS,1449095654000
232002165,2015-12-02 20:01:57.10,4.873696804046631,52.401100158691406,0.10000000149011612,AMS,1449086470000
232002165,2015-12-02 20:56:45.50,4.8737335205078125,52.40116500854492,0.0,AMS,1449089810000
232002165,2015-12-02 22:20:16.33,4.873714923858643,52.401214599609375,0.10000000149011612,AMS,1449094833000
232002165,2015-12-02 22:46:15.99,4.873714923858643,52.401222229003906,0.10000000149011612,AMS,1449096459000
232002165,2015-12-02 21:44:25.37,4.873713493347168,52.40117263793945,0.10000000149011612,AMS,1449092677000
232002165,2015-12-02 22:32:27.13,4.873720169067383,52.401187896728516,0.10000000149011612,AMS,1449095533000
232002165,2015-12-02 22:38:46.48,4.8737101554870605,52.40119934082031,0.0,AMS,1449095928000
232002165,2015-12-02 23:02:16.83,4.8737335205078125,52.40119171142578,0.10000000149011612,AMS,1449097403000
232002165,2015-12-02 23:01:36.51,4.873714923858643,52.40121078491211,0.10000000149011612,AMS,1449097311000
232002165,2015-12-02 23:56:55.54,4.873703479766846,52.401206970214844,0.10000000149011612,AMS,1449100614000
232002165,2015-12-02 20:56:55.79,4.873726844787598,52.40116500854492,0.0,AMS,1449089839000
232002165,2015-12-02 23:44:47.05,4.873701572418213,52.401206970214844,0.0,AMS,1449099845000
232002165,2015-12-02 20:54:06.17,4.873703479766846,52.401180267333984,0.0,AMS,1449089657000
232002165,2015-12-02 21:43:36.83,4.873696804046631,52.401187896728516,0.0,AMS,1449092663000
232002165,2015-12-02 20:30:36.70,4.873654842376709,52.40119934082031,0.0,AMS,1449088270000
232002165,2015-12-02 22:45:46.63,4.873686790466309,52.401206970214844,0.10000000149011612,AMS,1449096363000
232002165,2015-12-02 23:04:16.83,4.873703479766846,52.40119934082031,0.0,AMS,1449097523000
232002165,2015-12-02 21:27:17.23,4.873700141906738,52.40117263793945,0.0,AMS,1449091643000
232002165,2015-12-02 21:15:55.54,4.873711585998535,52.40118408203125,0.0,AMS,1449090954000
232002165,2015-12-02 23:10:05.71,4.873691558837891,52.40121841430664,0.0,AMS,1449097871000
232002165,2015-12-02 23:26:56.30,4.873654842376709,52.40121078491211,0.10000000149011612,AMS,1449098790000
232002165,2015-12-02 23:52:06.97,4.873730182647705,52.40119552612305,0.0,AMS,1449100417000
232002165,2015-12-02 21:15:05.66,4.87373161315918,52.40121841430664,0.0,AMS,1449090966000
232002165,2015-12-02 21:35:36.75,4.873714923858643,52.40119934082031,0.0,AMS,1449092175000
232002165,2015-12-02 23:38:56.70,4.873696804046631,52.40117645263672,0.10000000149011612,AMS,1449099550000
232002165,2015-12-02 21:28:46.25,4.873708248138428,52.401187896728516,0.0,AMS,1449091705000
232002165,2015-12-02 22:41:37.15,4.873708248138428,52.40119934082031,0.0,AMS,1449096075000
232002165,2015-12-02 22:35:55.63,4.873748302459717,52.40119171142578,0.0,AMS,1449095763000
232002165,2015-12-02 21:09:57.07,4.873703479766846,52.40119934082031,0.0,AMS,1449090547000
232002165,2015-12-02 20:34:56.44,4.873690128326416,52.40121841430664,0.0,AMS,1449088484000
232002165,2015-12-02 23:10:17.23,4.873708248138428,52.40121078491211,0.0,AMS,1449097823000
232002165,2015-12-02 22:11:56.78,4.873711585998535,52.40119934082031,0.0,AMS,1449094338000
232002165,2015-12-02 23:24:17.11,4.8737101554870605,52.4012336730957,0.10000000149011612,AMS,1449098651000
232002165,2015-12-02 23:30:26.38,4.873708248138428,52.40119171142578,0.10000000149011612,AMS,1449099038000
232002165,2015-12-02 21:23:55.62,4.873714923858643,52.401206970214844,0.0,AMS,1449091442000
232002165,2015-12-02 22:12:56.78,4.873459815979004,-83.91365814208984,0.10000000149011612,SEA,1449094398000
232002165,2015-12-02 21:52:57.10,4.873684883117676,52.40119171142578,0.0,AMS,1449093130000
232002165,2015-12-02 21:26:17.24,4.873714923858643,52.401206970214844,0.0,AMS,1449091584000
232002165,2015-12-02 22:55:27.05,4.873714923858643,52.40126037597656,0.10000000149011612,AMS,1449096905000
232002165,2015-12-02 20:48:05.89,4.873713493347168,52.40118408203125,0.0,AMS,1449089369000
232002165,2015-12-02 21:05:57.10,4.873696804046631,52.40116500854492,0.0,AMS,1449090310000
232002165,2015-12-02 20:39:17.22,4.873708248138428,52.40121841430664,0.10000000149011612,AMS,1449088762000
232002165,2015-12-02 23:37:26.75,4.873703479766846,52.401241302490234,0.0,AMS,1449099495000
232002165,2015-12-02 21:25:55.63,4.873714923858643,52.401222229003906,0.0,AMS,1449091563000
232002165,2015-12-02 20:09:46.94,4.873681545257568,52.40119934082031,0.10000000149011612,AMS,1449087034000
232002165,2015-12-02 20:22:56.62,4.873708248138428,52.401180267333984,0.0,AMS,1449087782000
232002165,2015-12-02 23:28:56.86,4.873658180236816,52.40116882324219,0.0,AMS,1449098966000
232002165,2015-12-02 20:06:57.26,0.01395166665315628,52.401180267333984,0.10000000149011612,SEA,1449086786000
232002165,2015-12-02 21:36:16.78,4.87371826171875,52.40119934082031,0.0,AMS,1449092238000
232002165,2015-12-02 23:08:36.23,4.873741626739502,52.401187896728516,0.10000000149011612,AMS,1449097703000
232002165,2015-12-02 21:10:17.22,4.873701572418213,52.40119934082031,0.0,AMS,1449090622000
232002165,2015-12-02 23:33:07.10,4.873711585998535,52.40119171142578,0.10000000149011612,AMS,1449099190000
232002165,2015-12-02 23:28:06.75,4.873459815979004,-83.91372680664062,0.10000000149011612,SEA,1449098955000
232002165,2015-12-02 21:58:16.97,4.873726844787598,52.40117263793945,0.10000000149011612,AMS,1449093577000
232002165,2015-12-02 20:57:16.70,4.873714923858643,52.401180267333984,0.0,AMS,1449089890000
232002165,2015-12-02 22:34:37.13,4.8737568855285645,52.40116500854492,0.0,AMS,1449095653000
232002165,2015-12-02 22:30:47.15,4.873714923858643,52.40119934082031,0.10000000149011612,AMS,1449095415000
232002165,2015-12-02 20:39:56.09,4.873459815979004,-83.91366577148438,0.10000000149011612,SEA,1449088749000
232002165,2015-12-02 23:46:47.05,4.873726844787598,52.40119934082031,0.10000000149011612,AMS,1449099965000
232002165,2015-12-02 21:41:37.13,4.873741626739502,52.40119171142578,0.0,AMS,1449092473000
232002165,2015-12-02 21:53:15.55,4.873700141906738,52.40119171142578,0.0,AMS,1449093235000
232002165,2015-12-02 23:53:55.55,4.873714923858643,52.401180267333984,0.0,AMS,1449100435000
232002165,2015-12-02 22:54:27.05,4.873701572418213,52.401187896728516,0.0,AMS,1449096845000
232002165,2015-12-02 22:23:35.74,4.8737101554870605,52.401214599609375,0.0,AMS,1449095054000
232002165,2015-12-02 20:59:07.05,4.8737101554870605,52.40119171142578,0.0,AMS,1449089945000
232002165,2015-12-02 22:22:16.33,4.873720169067383,52.40120315551758,0.0,AMS,1449094953000
232002165,2015-12-02 20:05:06.03,4.873714923858643,52.40115737915039,0.10000000149011612,AMS,1449086703000
232002165,2015-12-02 22:33:27.13,4.873708248138428,52.401187896728516,0.10000000149011612,AMS,1449095593000
232002165,2015-12-02 20:08:46.93,4.873681545257568,52.40119934082031,0.10000000149011612,AMS,1449086973000
232002165,2015-12-02 20:54:55.78,4.873703479766846,52.40119171142578,0.0,AMS,1449089718000
232002165,2015-12-02 22:49:57.26,4.87375020980835,52.401206970214844,0.10000000149011612,AMS,1449096566000
232002165,2015-12-02 22:39:26.97,4.87372350692749,52.40121841430664,0.0,AMS,1449096037000
232002165,2015-12-02 23:12:46.97,4.873459815979004,-83.91364288330078,0.0,SEA,1449098017000
232002165,2015-12-02 20:23:26.42,4.873690128326416,52.40119171142578,0.0,AMS,1449087822000
232002165,2015-12-02 23:34:07.10,4.873666763305664,52.40121841430664,0.10000000149011612,AMS,1449099250000
232002165,2015-12-02 23:07:17.24,4.873684883117676,52.401187896728516,0.0,AMS,1449097644000
232002165,2015-12-02 20:46:36.35,4.873684883117676,52.40119934082031,0.0,AMS,1449089195000
232002165,2015-12-02 22:24:16.33,4.873730182647705,52.401214599609375,0.0,AMS,1449095073000
232002165,2015-12-02 23:15:36.22,4.87375020980835,52.40119171142578,0.10000000149011612,AMS,1449098122000
232002165,2015-12-02 20:32:56.65,4.873678207397461,52.4012336730957,0.0,AMS,1449088385000
232002165,2015-12-02 21:40:37.13,4.87372350692749,52.40119171142578,0.0,AMS,1449092413000
232002165,2015-12-02 21:05:36.19,4.873696804046631,52.401187896728516,0.0,AMS,1449090319000
232002165,2015-12-02 23:25:36.36,4.873734951019287,52.40123748779297,0.0,AMS,1449098736000
232002165,2015-12-02 23:38:05.50,4.873730182647705,52.401222229003906,0.10000000149011612,AMS,1449099530000
232002165,2015-12-02 20:28:56.65,4.873666763305664,52.40119934082031,0.0,AMS,1449088145000
232002165,2015-12-02 22:08:36.59,4.873684883117676,52.401206970214844,0.0,AMS,1449094139000
232002165,2015-12-02 23:32:36.02,4.873696804046631,52.40119171142578,0.10000000149011612,AMS,1449099122000
232002165,2015-12-02 20:23:35.85,4.873696804046631,52.401187896728516,0.0,AMS,1449087865000
232002165,2015-12-02 21:21:37.10,4.873690128326416,52.401206970214844,0.0,AMS,1449091270000
232002165,2015-12-02 20:23:16.62,4.873459815979004,-83.9136962890625,0.0,SEA,1449087842000
232002165,2015-12-02 22:48:06.22,4.873701572418213,52.40117263793945,0.0,AMS,1449096502000
232002165,2015-12-02 22:00:25.42,4.873706817626953,52.40119171142578,0.0,AMS,1449093642000
232002165,2015-12-02 23:54:07.31,4.87372350692749,52.401187896728516,0.0,AMS,1449100471000
232002165,2015-12-02 22:25:46.78,4.873706817626953,52.40119171142578,0.0,AMS,1449095178000
232002165,2015-12-02 22:33:16.78,4.873708248138428,52.401187896728516,0.10000000149011612,AMS,1449095658000
232002165,2015-12-02 21:08:45.99,4.87371826171875,52.40117263793945,0.0,AMS,1449090579000
232002165,2015-12-02 20:34:15.81,4.873666763305664,52.40121841430664,0.0,AMS,1449088521000
232002165,2015-12-02 20:31:25.61,4.873684883117676,52.40121841430664,0.10000000149011612,AMS,1449088321000
232002165,2015-12-02 23:46:15.58,4.873720169067383,52.40117263793945,0.10000000149011612,AMS,1449100018000
232002165,2015-12-02 23:48:57.13,4.873713493347168,52.40119934082031,0.10000000149011612,AMS,1449100093000
232002165,2015-12-02 21:05:45.99,4.873696804046631,52.401180267333984,0.0,AMS,1449090399000
232002165,2015-12-02 23:03:06.94,4.873721599578857,52.40119552612305,0.10000000149011612,AMS,1449097474000
232002165,2015-12-02 22:42:37.14,4.87373685836792,52.401180267333984,0.10000000149011612,AMS,1449096134000
232002165,2015-12-02 23:43:46.70,4.873706817626953,52.40122604370117,0.0,AMS,1449099850000
232002165,2015-12-02 20:00:16.75,4.873711585998535,52.40109634399414,0.0,AMS,1449086475000
232002165,2015-12-02 20:55:45.49,4.873713493347168,52.401180267333984,0.10000000149011612,AMS,1449089749000
232002165,2015-12-02 21:54:56.11,4.873701572418213,52.40117263793945,0.0,AMS,1449093251000
232002165,2015-12-02 21:58:56.11,4.873720169067383,52.40117645263672,0.0,AMS,1449093491000
232002165,2015-12-02 20:11:16.45,4.873671531677246,52.40119171142578,0.10000000149011612,AMS,1449087105000
232002165,2015-12-02 20:47:56.04,4.87371826171875,52.40119171142578,0.0,AMS,1449089224000
232002165,2015-12-02 21:38:16.80,4.873701572418213,52.40118408203125,0.10000000149011612,AMS,1449092360000
232002165,2015-12-02 22:29:46.78,4.873459815979004,-83.91370391845703,0.0,SEA,1449095418000
232002165,2015-12-02 22:27:46.78,4.873713493347168,52.40120315551758,0.10000000149011612,AMS,1449095298000
232002165,2015-12-02 23:50:36.37,4.873696804046631,52.40119171142578,0.0,AMS,1449100237000
232002165,2015-12-02 22:16:35.73,4.873700141906738,52.40119171142578,0.0,AMS,1449094633000
232002165,2015-12-02 20:53:16.06,4.873691558837891,52.40117263793945,0.0,AMS,1449089586000
232002165,2015-12-02 20:02:36.62,4.873678207397461,52.40117263793945,0.10000000149011612,AMS,1449086582000
232002165,2015-12-02 20:40:46.24,4.873666763305664,52.40119552612305,0.0,AMS,1449088824000
232002165,2015-12-02 20:57:25.98,4.873711585998535,52.401187896728516,0.0,AMS,1449089918000
232002165,2015-12-02 23:52:55.57,4.873703479766846,52.401187896728516,0.0,AMS,1449100377000
232002165,2015-12-02 22:53:56.66,4.873726844787598,52.401206970214844,0.0,AMS,1449096846000
232002165,2015-12-02 23:40:25.66,4.873708248138428,52.401241302490234,0.10000000149011612,AMS,1449099666000
232002165,2015-12-02 20:13:56.33,4.873459815979004,-83.91365814208984,0.0,SEA,1449087213000
232002165,2015-12-02 22:32:16.77,4.873716831207275,52.40119171142578,0.0,AMS,1449095597000
232002165,2015-12-02 20:50:05.88,4.873714923858643,52.40116500854492,0.0,AMS,1449089488000
232002165,2015-12-02 21:53:27.23,4.873701572418213,52.40119171142578,0.0,AMS,1449093203000
232002165,2015-12-02 20:05:36.84,4.873658180236816,52.401214599609375,0.10000000149011612,AMS,1449086784000
232002165,2015-12-02 21:16:55.55,4.87372350692749,52.401214599609375,0.0,AMS,1449091015000
232002165,2015-12-02 22:19:16.38,4.87372350692749,52.40120315551758,0.0,AMS,1449094778000
232002165,2015-12-02 20:29:17.11,4.8736701011657715,52.40119171142578,0.0,AMS,1449088151000
232002165,2015-12-02 20:57:45.49,4.873708248138428,52.40119171142578,0.0,AMS,1449089869000
232002165,2015-12-02 23:24:06.74,4.87370491027832,52.4012336730957,0.10000000149011612,AMS,1449098714000
232002165,2015-12-02 20:02:47.09,4.873681545257568,52.401180267333984,0.0,AMS,1449086529000
232002165,2015-12-02 20:41:56.09,4.873676776885986,52.40119934082031,0.0,AMS,1449088869000
232002165,2015-12-02 20:52:36.35,4.873701572418213,52.40117263793945,0.0,AMS,1449089555000
232002165,2015-12-02 22:57:16.62,4.873711585998535,52.40122604370117,0.10000000149011612,AMS,1449097082000
232002165,2015-12-02 22:14:25.63,4.8736748695373535,52.40119934082031,0.10000000149011612,AMS,1449094503000
232002165,2015-12-02 23:16:26.43,4.873721599578857,52.40119934082031,0.0,AMS,1449098203000
232002165,2015-12-02 23:26:26.41,4.873648166656494,52.40121078491211,0.0,AMS,1449098801000
232002165,2015-12-02 22:30:06.73,4.873730182647705,52.401187896728516,0.0,AMS,1449095473000
232002165,2015-12-02 20:26:46.08,4.873654842376709,52.40119934082031,0.10000000149011612,AMS,1449087968000
232002165,2015-12-02 22:38:37.13,4.873714923858643,52.40119171142578,0.0,AMS,1449095893000
232002165,2015-12-02 23:16:55.58,4.873686790466309,52.40119934082031,0.0,AMS,1449098218000
232002165,2015-12-02 23:31:56.86,4.873690128326416,52.40118408203125,0.0,AMS,1449099146000
232002165,2015-12-02 21:25:26.62,4.873711585998535,52.401241302490234,0.0,AMS,1449091562000
232002165,2015-12-02 21:22:06.82,4.873691558837891,52.40121078491211,0.0,AMS,1449091402000
232002165,2015-12-02 22:15:16.38,4.873671531677246,52.40116500854492,0.0,AMS,1449094538000
232002165,2015-12-02 22:57:27.05,4.873713493347168,52.40121841430664,0.10000000149011612,AMS,1449097025000
232002165,2015-12-02 20:24:56.62,4.873703479766846,52.401187896728516,0.0,AMS,1449087902000
232002165,2015-12-02 23:00:56.66,4.873708248138428,52.40120315551758,0.0,AMS,1449097266000
232002165,2015-12-02 22:33:56.62,4.873734951019287,52.40117263793945,0.0,AMS,1449095642000
232002165,2015-12-02 23:55:36.65,4.873690128326416,52.401187896728516,0.0,AMS,1449100565000
232002165,2015-12-02 20:03:57.10,4.873673439025879,52.40119171142578,0.0,AMS,1449086590000
232002165,2015-12-02 20:32:27.28,4.873673439025879,52.40121841430664,0.10000000149011612,AMS,1449088348000
232002165,2015-12-02 23:39:25.66,4.873751640319824,52.401241302490234,0.10000000149011612,AMS,1449099606000
232002165,2015-12-02 23:09:17.23,4.873726844787598,52.40119171142578,0.0,AMS,1449097763000
232002165,2015-12-02 23:11:36.22,4.873779773712158,52.40120315551758,0.0,AMS,1449097882000
232002165,2015-12-02 22:31:16.78,4.873730182647705,52.401187896728516,0.10000000149011612,AMS,1449095538000
232002165,2015-12-02 23:37:07.44,4.873701572418213,52.401241302490234,0.10000000149011612,AMS,1449099464000
232002165,2015-12-02 22:12:16.33,4.8737568855285645,52.40121841430664,0.0,AMS,1449094353000
232002165,2015-12-02 22:07:57.23,4.873711585998535,52.401214599609375,0.0,AMS,1449094043000
232002165,2015-12-02 20:57:06.17,4.873720169067383,52.40117263793945,0.0,AMS,1449089837000
232002165,2015-12-02 22:22:35.73,4.873724937438965,52.40119934082031,0.0,AMS,1449094993000
232002165,2015-12-02 20:50:15.45,4.873711585998535,52.40116500854492,0.0,AMS,1449089445000
232002165,2015-12-02 21:46:36.83,4.873741626739502,52.40119171142578,0.0,AMS,1449092843000
232002165,2015-12-02 22:27:56.06,4.873734951019287,52.401187896728516,0.0,AMS,1449095226000
232002165,2015-12-02 20:46:06.81,4.873666763305664,52.40117263793945,0.0,AMS,1449089241000
232002165,2015-12-02 23:11:55.34,4.873768329620361,52.40122604370117,0.10000000149011612,AMS,1449097894000
232002165,2015-12-02 22:30:16.77,4.87371826171875,52.40119171142578,0.10000000149011612,AMS,1449095477000
232002165,2015-12-02 20:14:25.74,4.873701572418213,52.40119171142578,0.0,AMS,1449087314000
232002165,2015-12-02 20:56:25.98,4.873746871948242,52.401180267333984,0.0,AMS,1449089858000
232002165,2015-12-02 20:45:55.50,4.873664855957031,52.40118408203125,0.0,AMS,1449089150000
232002165,2015-12-02 21:30:46.25,4.8736982345581055,52.401206970214844,0.0,AMS,1449091825000
232002165,2015-12-02 21:30:36.30,4.87370491027832,52.401206970214844,0.0,AMS,1449091830000
232002165,2015-12-02 22:55:56.69,4.873708248138428,52.4012336730957,0.0,AMS,1449096969000
232002165,2015-12-02 21:22:46.50,4.873694896697998,52.401206970214844,0.0,AMS,1449091370000
232002165,2015-12-02 21:41:56.15,4.87373685836792,52.40119171142578,0.0,AMS,1449092475000
232002165,2015-12-02 22:37:55.63,4.8737382888793945,52.40119934082031,0.0,AMS,1449095883000
232002165,2015-12-02 22:38:55.63,4.873703479766846,52.40119934082031,0.0,AMS,1449095943000
232002165,2015-12-02 21:41:46.62,4.873741626739502,52.40119171142578,0.0,AMS,1449092522000
232002165,2015-12-02 23:40:56.78,4.873668193817139,52.40126037597656,0.0,AMS,1449099678000
232002165,2015-12-02 20:12:47.67,4.873696804046631,52.40119934082031,0.10000000149011612,AMS,1449087187000
232002165,2015-12-02 21:43:06.51,4.87371826171875,52.401187896728516,0.0,AMS,1449092631000
232002165,2015-12-02 21:13:15.66,4.8737382888793945,52.40120315551758,0.0,AMS,1449090846000
232002165,2015-12-02 20:39:06.01,4.873706817626953,52.401214599609375,0.0,AMS,1449088741000
232002165,2015-12-02 22:15:25.87,4.873671531677246,52.40116500854492,0.0,AMS,1449094587000
232002165,2015-12-02 22:18:06.06,4.873720169067383,52.40121078491211,0.0,AMS,1449094686000
232002165,2015-12-02 21:03:48.78,4.87373685836792,52.401119232177734,0.0,AMS,1449090258000
232002165,2015-12-02 20:30:56.65,4.8736701011657715,52.401206970214844,0.10000000149011612,AMS,1449088265000
232002165,2015-12-02 23:50:06.97,4.873688220977783,52.401187896728516,0.0,AMS,1449100297000
232002165,2015-12-02 23:17:45.42,4.873706817626953,52.401180267333984,0.10000000149011612,AMS,1449098262000
232002165,2015-12-02 22:10:16.33,4.873641490936279,52.401206970214844,0.0,AMS,1449094233000
232002165,2015-12-02 23:58:56.62,4.873708248138428,52.401187896728516,0.10000000149011612,AMS,1449100742000
232002165,2015-12-02 20:08:57.26,4.873683452606201,52.40119171142578,0.10000000149011612,AMS,1449086906000
232002165,2015-12-02 21:19:26.47,4.87372350692749,52.401206970214844,0.0,AMS,1449091187000
232002165,2015-12-02 22:59:36.51,4.873724937438965,52.40119171142578,0.0,AMS,1449097191000
232002165,2015-12-02 20:59:46.83,4.873700141906738,52.40119171142578,0.0,AMS,1449090023000
232002165,2015-12-02 21:33:16.91,4.873696804046631,52.40119552612305,0.0,AMS,1449092071000
232002165,2015-12-02 20:26:17.13,4.873666763305664,52.401187896728516,0.10000000149011612,AMS,1449087973000
232002165,2015-12-02 23:24:36.35,4.873706817626953,52.40119934082031,0.10000000149011612,AMS,1449098675000
232002165,2015-12-02 21:07:57.06,4.873713493347168,52.401187896728516,0.0,AMS,1449090426000
232002165,2015-12-02 21:44:56.75,4.873708248138428,52.401187896728516,0.0,AMS,1449092715000
232002165,2015-12-02 21:05:16.94,4.873696804046631,52.401187896728516,0.0,AMS,1449090394000
232002165,2015-12-02 23:22:06.06,4.873663425445557,52.401206970214844,0.0,AMS,1449098526000
232002165,2015-12-02 23:23:17.10,4.873678207397461,52.401214599609375,0.10000000149011612,AMS,1449098590000
232002165,2015-12-02 20:06:15.85,4.873680114746094,52.40119552612305,0.10000000149011612,AMS,1449086845000
232002165,2015-12-02 21:48:15.43,4.873758316040039,52.401180267333984,0.0,AMS,1449092923000
232002165,2015-12-02 21:57:56.11,4.873720169067383,52.40117263793945,0.10000000149011612,AMS,1449093431000
232002165,2015-12-02 20:38:56.09,4.873691558837891,52.401214599609375,0.0,AMS,1449088689000
232002165,2015-12-02 23:02:56.55,4.87372350692749,52.40119171142578,0.0,AMS,1449097375000
232002165,2015-12-02 23:14:17.06,4.8738884925842285,52.40116882324219,0.0,AMS,1449098046000
232002165,2015-12-02 22:06:37.05,4.873711585998535,52.401222229003906,0.0,AMS,1449093965000
232002165,2015-12-02 21:10:26.82,4.873700141906738,52.40119934082031,0.0,AMS,1449090682000
232002165,2015-12-02 23:02:26.01,4.873721599578857,52.401206970214844,0.10000000149011612,AMS,1449097321000
232002165,2015-12-02 20:33:15.81,4.873676776885986,52.401241302490234,0.10000000149011612,AMS,1449088461000
232002165,2015-12-02 21:25:06.27,4.873703479766846,52.40119171142578,0.10000000149011612,AMS,1449091527000
232002165,2015-12-02 22:25:07.25,4.873741626739502,52.40119171142578,0.10000000149011612,AMS,1449095125000
232002165,2015-12-02 21:28:17.23,4.873701572418213,52.40119934082031,0.0,AMS,1449091703000
232002165,2015-12-02 20:52:16.06,4.873701572418213,52.40117263793945,0.0,AMS,1449089526000
232002165,2015-12-02 21:31:46.25,4.873681545257568,52.401214599609375,0.0,AMS,1449091885000
232002165,2015-12-02 20:21:16.62,4.873694896697998,52.401206970214844,0.0,AMS,1449087722000
232002165,2015-12-02 22:44:15.99,4.873673439025879,52.401214599609375,0.10000000149011612,AMS,1449096339000
232002165,2015-12-02 21:05:26.65,4.873701572418213,52.401187896728516,0.10000000149011612,AMS,1449090365000
232002165,2015-12-02 21:00:36.19,4.873691558837891,52.40119934082031,0.0,AMS,1449090019000
232002165,2015-12-02 22:14:06.06,4.873666763305664,52.401206970214844,0.10000000149011612,AMS,1449094446000
232002165,2015-12-02 22:58:06.93,4.873720169067383,52.401222229003906,0.10000000149011612,AMS,1449097173000
232002165,2015-12-02 21:53:36.27,4.8736982345581055,52.40119171142578,0.0,AMS,1449093207000
232002165,2015-12-02 21:48:46.63,4.8737568855285645,52.40115737915039,0.0,AMS,1449092943000
232002165,2015-12-02 20:48:36.36,4.873693466186523,52.40119171142578,0.0,AMS,1449089316000
232002165,2015-12-02 21:07:46.01,4.873714923858643,52.401187896728516,0.0,AMS,1449090421000
232002165,2015-12-02 22:02:16.97,4.873841762542725,52.401283264160156,0.0,AMS,1449093817000
232002165,2015-12-02 21:27:46.27,4.873706817626953,52.40119934082031,0.0,AMS,1449091647000
232002165,2015-12-02 22:55:47.01,4.873711585998535,52.401241302490234,0.10000000149011612,AMS,1449096901000
232002165,2015-12-02 20:22:26.43,4.873708248138428,52.40119934082031,0.10000000149011612,AMS,1449087763000
232002165,2015-12-02 21:38:26.99,4.873708248138428,52.401180267333984,0.0,AMS,1449092379000
232002165,2015-12-02 23:30:16.49,4.873700141906738,52.4011116027832,0.10000000149011612,AMS,1449099049000
232002165,2015-12-02 20:39:27.03,4.873711585998535,52.40121841430664,0.0,AMS,1449088743000
232002165,2015-12-02 23:14:26.43,4.874086856842041,52.401126861572266,0.0,AMS,1449098083000
232002165,2015-12-02 22:14:56.77,4.873666763305664,52.40117263793945,0.0,AMS,1449094517000
232002165,2015-12-02 23:30:07.11,4.873678207397461,52.401126861572266,0.10000000149011612,AMS,1449099011000
232002165,2015-12-02 23:17:35.85,4.873714923858643,52.401180267333984,0.0,AMS,1449098305000
232002165,2015-12-02 20:52:27.29,4.873701572418213,52.40116882324219,0.0,AMS,1449089549000
232002165,2015-12-02 20:51:06.17,4.873693466186523,52.40117263793945,0.0,AMS,1449089477000
232002165,2015-12-02 22:24:25.37,4.8737382888793945,52.40121078491211,0.0,AMS,1449095077000
232002165,2015-12-02 21:44:06.52,4.873701572418213,52.40117263793945,0.0,AMS,1449092692000
232002165,2015-12-02 22:05:25.45,4.873666763305664,52.40119171142578,0.0,AMS,1449093945000
232002165,2015-12-02 21:33:06.85,4.873694896697998,52.40119171142578,0.0,AMS,1449092065000
232002165,2015-12-02 20:28:46.06,4.873666763305664,52.401206970214844,0.0,AMS,1449088086000
232002165,2015-12-02 22:34:06.44,4.87372350692749,52.40117263793945,0.0,AMS,1449095684000
232002165,2015-12-02 23:19:45.42,4.873714923858643,52.40119934082031,0.0,AMS,1449098382000
232002165,2015-12-02 23:38:15.82,4.87373161315918,52.401222229003906,0.0,AMS,1449099562000
232002165,2015-12-02 22:27:16.33,4.873720169067383,52.40119934082031,0.0,AMS,1449095253000
232002165,2015-12-02 22:04:37.05,4.87373685836792,52.401161193847656,0.0,AMS,1449093845000
232002165,2015-12-02 20:05:17.22,4.873691558837891,52.401180267333984,0.10000000149011612,AMS,1449086722000
232002165,2015-12-02 22:30:36.21,4.873696804046631,52.401214599609375,0.0,AMS,1449095421000
232002165,2015-12-02 20:36:56.43,4.873688220977783,52.40125274658203,0.0,AMS,1449088603000
232002165,2015-12-02 23:41:15.82,4.873703479766846,52.401248931884766,0.10000000149011612,AMS,1449099742000
232002165,2015-12-02 23:04:26.01,4.873706817626953,52.40119934082031,0.0,AMS,1449097441000
232002165,2015-12-02 20:09:35.99,4.873678207397461,52.40119934082031,0.0,AMS,1449087039000
232002165,2015-12-02 23:56:16.93,4.873683452606201,52.40119171142578,0.10000000149011612,AMS,1449100653000
232002165,2015-12-02 20:12:35.98,4.873690128326416,52.40119171142578,0.10000000149011612,AMS,1449087218000
232002165,2015-12-02 20:44:15.43,4.873678207397461,52.40119171142578,0.0,AMS,1449089083000
232002165,2015-12-02 21:23:37.10,4.873714923858643,52.401214599609375,0.0,AMS,1449091390000
232002165,2015-12-02 22:26:25.37,4.873701572418213,52.40119934082031,0.0,AMS,1449095197000
232002165,2015-12-02 21:18:37.10,4.873711585998535,52.401187896728516,0.0,AMS,1449091090000
232002165,2015-12-02 20:38:06.01,4.873676776885986,52.40122604370117,0.0,AMS,1449088681000
232002165,2015-12-02 22:52:38.54,4.873696804046631,52.40121841430664,0.10000000149011612,AMS,1449096774000
232002165,2015-12-02 20:20:56.62,4.873688220977783,52.40119934082031,0.0,AMS,1449087662000
232002165,2015-12-02 20:47:27.29,4.873703479766846,52.40119552612305,0.10000000149011612,AMS,1449089249000
232002165,2015-12-02 22:05:15.87,4.873673439025879,52.401180267333984,0.10000000149011612,AMS,1449093987000
232002165,2015-12-02 20:51:16.06,4.873693466186523,52.40117263793945,0.0,AMS,1449089466000
232002165,2015-12-02 22:20:35.68,4.873711585998535,52.40121078491211,0.0,AMS,1449094868000
232002165,2015-12-02 20:30:25.63,4.873648166656494,52.401187896728516,0.10000000149011612,AMS,1449088263000
232002165,2015-12-02 21:26:06.27,4.873714923858643,52.40121841430664,0.0,AMS,1449091587000
232002165,2015-12-02 23:23:47.16,4.873744964599609,52.40121078491211,0.10000000149011612,AMS,1449098596000
232002165,2015-12-02 20:49:05.90,4.873708248138428,52.40116500854492,0.0,AMS,1449089430000
232002165,2015-12-02 21:40:46.62,4.873726844787598,52.40119934082031,0.0,AMS,1449092462000
232002165,2015-12-02 23:36:56.71,4.873696804046631,52.4012451171875,0.10000000149011612,AMS,1449099431000
232002165,2015-12-02 22:37:46.48,4.873730182647705,52.40119934082031,0.0,AMS,1449095868000
232002165,2015-12-02 21:48:57.10,4.873766899108887,52.40115737915039,0.0,AMS,1449092890000
232002165,2015-12-02 20:40:56.09,4.873663425445557,52.40119171142578,0.0,AMS,1449088809000
232002165,2015-12-02 22:16:25.92,4.873691558837891,52.40119171142578,0.0,AMS,1449094652000
232002165,2015-12-02 21:19:56.45,4.873708248138428,52.40119171142578,0.0,AMS,1449091185000
232002165,2015-12-02 20:52:56.03,4.8736982345581055,52.40117263793945,0.0,AMS,1449089523000
232002165,2015-12-02 21:28:06.86,4.8736982345581055,52.40119934082031,0.0,AMS,1449091766000
232002165,2015-12-02 22:49:35.82,4.873703479766846,52.40121078491211,0.10000000149011612,AMS,1449096622000
232002165,2015-12-02 20:14:16.45,4.873700141906738,52.40119934082031,0.0,AMS,1449087285000
232002165,2015-12-02 23:29:06.75,4.873624801635742,52.40114212036133,0.0,AMS,1449099015000
232002165,2015-12-02 20:15:16.44,4.873696804046631,52.40119934082031,0.0,AMS,1449087344000
232002165,2015-12-02 20:48:46.06,4.8736982345581055,52.40117645263672,0.0,AMS,1449089286000
232002165,2015-12-02 23:54:26.62,4.873459815979004,-83.9136734008789,0.0,SEA,1449100502000
232002165,2015-12-02 23:43:15.58,4.87373161315918,52.40121841430664,0.10000000149011612,AMS,1449099838000
232002165,2015-12-02 22:00:37.05,4.873726844787598,52.40121078491211,0.0,AMS,1449093605000
232002165,2015-12-02 21:34:26.99,4.873714923858643,52.401187896728516,0.0,AMS,1449092139000
232002165,2015-12-02 20:12:16.47,4.873678207397461,52.40118408203125,0.0,AMS,1449087167000
232002165,2015-12-02 22:39:55.65,4.873726844787598,52.40121841430664,0.0,AMS,1449096005000
232002165,2015-12-02 23:02:46.30,4.873720169067383,52.40119934082031,0.0,AMS,1449097350000
232002165,2015-12-02 23:26:16.48,4.873663425445557,52.40121841430664,0.10000000149011612,AMS,1449098808000
232002165,2015-12-02 21:42:56.74,4.873711585998535,52.401187896728516,0.0,AMS,1449092594000
232002165,2015-12-02 23:51:57.13,4.873744964599609,52.401187896728516,0.0,AMS,1449100273000
232002165,2015-12-02 20:26:56.65,4.873651504516602,52.401206970214844,0.0,AMS,1449088025000
232002165,2015-12-02 20:17:35.37,4.873693466186523,52.401187896728516,0.0,AMS,1449087457000
232002165,2015-12-02 21:21:47.10,4.873690128326416,52.40121078491211,0.0,AMS,1449091270000
232002165,2015-12-02 23:17:55.57,4.873711585998535,52.401180267333984,0.10000000149011612,AMS,1449098277000
232002165,2015-12-02 23:15:55.34,4.873703479766846,52.401206970214844,0.0,AMS,1449098134000
232002165,2015-12-02 20:06:06.46,4.8736748695373535,52.40119934082031,0.10000000149011612,AMS,1449086806000
232002165,2015-12-02 22:29:35.48,4.873746871948242,52.40117263793945,0.10000000149011612,AMS,1449095388000
232002165,2015-12-02 20:58:56.14,4.873720169067383,52.40119171142578,0.0,AMS,1449089894000
232002165,2015-12-02 20:32:36.70,4.873678207397461,52.40122604370117,0.10000000149011612,AMS,1449088390000
232002165,2015-12-02 22:01:57.23,4.873881816864014,52.401336669921875,0.0,AMS,1449093683000
232002165,2015-12-02 21:45:56.74,4.873741626739502,52.40120315551758,0.10000000149011612,AMS,1449092774000
232002165,2015-12-02 20:22:16.62,4.873708248138428,52.401214599609375,0.0,AMS,1449087782000
232002165,2015-12-02 23:14:05.71,4.873899936676025,52.40117645263672,0.0,AMS,1449098111000
232002165,2015-12-02 21:36:56.14,4.873459815979004,-83.91368865966797,0.0,SEA,1449092174000
232002165,2015-12-02 22:06:47.29,4.873720169067383,52.40121841430664,0.0,AMS,1449093989000
232002165,2015-12-02 23:19:55.58,4.873701572418213,52.40119934082031,0.0,AMS,1449098398000
232002165,2015-12-02 23:23:36.34,4.873684883117676,52.40118408203125,0.0,AMS,1449098614000
232002165,2015-12-02 23:09:36.22,4.873700141906738,52.40119934082031,0.0,AMS,1449097762000
232002165,2015-12-02 23:04:56.55,4.873654842376709,52.40121078491211,0.10000000149011612,AMS,1449097495000
232002165,2015-12-02 22:51:16.62,4.873711585998535,52.40120315551758,0.10000000149011612,AMS,1449096722000
232002165,2015-12-02 22:33:47.15,4.873798370361328,52.40113830566406,0.10000000149011612,AMS,1449095595000
232002165,2015-12-02 21:47:57.10,4.873726844787598,52.401187896728516,0.0,AMS,1449092830000
232002165,2015-12-02 22:38:06.43,4.873741626739502,52.40119934082031,0.0,AMS,1449095923000
232002165,2015-12-02 22:29:56.06,4.873744964599609,52.401180267333984,0.0,AMS,1449095346000
232002165,2015-12-02 22:48:46.66,4.8736982345581055,52.40121078491211,0.10000000149011612,AMS,1449096546000
232002165,2015-12-02 21:46:57.10,4.8737382888793945,52.40119934082031,0.0,AMS,1449092770000
232002165,2015-12-02 22:10:25.45,4.873641490936279,52.40120315551758,0.0,AMS,1449094245000
232002165,2015-12-02 23:06:56.54,4.873714923858643,52.40119171142578,0.10000000149011612,AMS,1449097614000
232002165,2015-12-02 22:11:18.01,4.873661518096924,52.401180267333984,0.0,AMS,1449094261000
232002165,2015-12-02 22:58:16.61,4.873720169067383,52.40122604370117,0.0,AMS,1449097141000
232002165,2015-12-02 20:55:25.98,4.873691558837891,52.401206970214844,0.10000000149011612,AMS,1449089798000
232002165,2015-12-02 20:48:56.04,4.8736982345581055,52.40117263793945,0.10000000149011612,AMS,1449089284000
232002165,2015-12-02 21:55:05.63,4.8737335205078125,52.40117263793945,0.0,AMS,1449093363000
232002165,2015-12-02 21:09:26.83,4.873720169067383,52.401187896728516,0.0,AMS,1449090623000
232002165,2015-12-02 22:06:25.45,4.8737335205078125,52.4012336730957,0.0,AMS,1449094005000
232002165,2015-12-02 21:56:36.62,4.873713493347168,52.40117263793945,0.0,AMS,1449093422000
232002165,2015-12-02 22:26:06.46,4.873714923858643,52.40119552612305,0.0,AMS,1449095206000
232002165,2015-12-02 22:02:37.05,4.873806476593018,52.4012451171875,0.0,AMS,1449093725000
232002165,2015-12-02 23:27:26.40,4.87360143661499,52.401180267333984,0.0,AMS,1449098860000
232002165,2015-12-02 20:57:55.79,4.873714923858643,52.40121078491211,0.0,AMS,1449089899000
232002165,2015-12-02 22:19:25.87,4.873730182647705,52.40119552612305,0.0,AMS,1449094827000
232002165,2015-12-02 20:57:35.48,4.873711585998535,52.40119934082031,0.0,AMS,1449089868000
232002165,2015-12-02 20:37:15.82,4.873676776885986,52.4012451171875,0.0,AMS,1449088702000
232002165,2015-12-02 21:27:55.62,4.873703479766846,52.40119934082031,0.0,AMS,1449091682000
232002165,2015-12-02 20:53:35.47,4.873688220977783,52.401180267333984,0.0,AMS,1449089627000
232002165,2015-12-02 21:40:56.13,4.873726844787598,52.40119934082031,0.0,AMS,1449092413000
232002165,2015-12-02 21:24:37.10,4.873701572418213,52.40119552612305,0.0,AMS,1449091450000
232002165,2015-12-02 20:55:35.47,4.873696804046631,52.40119171142578,0.10000000149011612,AMS,1449089747000
232002165,2015-12-02 21:59:16.97,4.873728275299072,52.40119171142578,0.0,AMS,1449093637000
232002165,2015-12-02 22:30:56.62,4.873726844787598,52.40119552612305,0.10000000149011612,AMS,1449095462000
232002165,2015-12-02 22:09:16.33,4.873684883117676,52.40119934082031,0.0,AMS,1449094173000
232002165,2015-12-02 20:59:56.14,4.873701572418213,52.401187896728516,0.0,AMS,1449089954000
232002165,2015-12-02 22:55:36.50,4.873716831207275,52.4012451171875,0.10000000149011612,AMS,1449096950000
232002165,2015-12-02 23:51:16.26,4.8736982345581055,52.40119171142578,0.10000000149011612,AMS,1449100286000
232002165,2015-12-02 23:21:56.29,4.873666763305664,52.401206970214844,0.10000000149011612,AMS,1449098489000
232002165,2015-12-02 20:36:15.80,4.873684883117676,52.40122604370117,0.0,AMS,1449088640000
232002165,2015-12-02 21:24:17.23,4.873703479766846,52.40119934082031,0.0,AMS,1449091463000
232002165,2015-12-02 20:47:46.06,4.873713493347168,52.40119171142578,0.0,AMS,1449089226000
232002165,2015-12-02 21:55:56.11,4.873726844787598,52.40117645263672,0.0,AMS,1449093311000
232002165,2015-12-02 21:51:57.10,4.87372350692749,52.40119171142578,0.0,AMS,1449093070000
232002165,2015-12-02 23:48:06.97,4.873701572418213,52.40121841430664,0.0,AMS,1449100177000
232002165,2015-12-02 23:04:46.30,4.873631477355957,52.40121841430664,0.10000000149011612,AMS,1449097470000
